stage,configuration,optimizer,learning_rate,batch_size,seed,fold,training_mse,validation_mse
optimizer_screen,gradient_descent · eta=0.001 · batch=32,gradient_descent,0.001,32,0,1,0.012381440853095385,0.012396828253796883
optimizer_screen,gradient_descent · eta=0.001 · batch=32,gradient_descent,0.001,32,0,2,0.012208254628158098,0.013111958735213288
optimizer_screen,gradient_descent · eta=0.001 · batch=32,gradient_descent,0.001,32,0,3,0.012293314467892997,0.012165865602717792
optimizer_screen,gradient_descent · eta=0.001 · batch=32,gradient_descent,0.001,32,0,4,0.012680096789981513,0.01194134811169511
optimizer_screen,gradient_descent · eta=0.001 · batch=32,gradient_descent,0.001,32,0,5,0.012413555424624278,0.012670814874772585
optimizer_screen,gradient_descent · eta=0.01 · batch=32,gradient_descent,0.01,32,0,1,0.010927229179467606,0.011106592915802798
optimizer_screen,gradient_descent · eta=0.01 · batch=32,gradient_descent,0.01,32,0,2,0.010750625360197637,0.011858067998179523
optimizer_screen,gradient_descent · eta=0.01 · batch=32,gradient_descent,0.01,32,0,3,0.010963374988604602,0.010989545899872303
optimizer_screen,gradient_descent · eta=0.01 · batch=32,gradient_descent,0.01,32,0,4,0.011122233535468285,0.010325745660064677
optimizer_screen,gradient_descent · eta=0.01 · batch=32,gradient_descent,0.01,32,0,5,0.011005089836067562,0.010818521712727387
optimizer_screen,gradient_descent · eta=0.1 · batch=32,gradient_descent,0.1,32,0,1,0.010932042767572073,0.011105162605864086
optimizer_screen,gradient_descent · eta=0.1 · batch=32,gradient_descent,0.1,32,0,2,0.010756640303949532,0.011868111872506497
optimizer_screen,gradient_descent · eta=0.1 · batch=32,gradient_descent,0.1,32,0,3,0.01096961740804893,0.010991601354854356
optimizer_screen,gradient_descent · eta=0.1 · batch=32,gradient_descent,0.1,32,0,4,0.011125389522287712,0.010335622900871186
optimizer_screen,gradient_descent · eta=0.1 · batch=32,gradient_descent,0.1,32,0,5,0.011009290413452107,0.01081946560508879
optimizer_screen,momentum · eta=0.001 · batch=32,momentum,0.001,32,0,1,0.010927241223876708,0.011106959436695209
optimizer_screen,momentum · eta=0.001 · batch=32,momentum,0.001,32,0,2,0.010750644601545904,0.011857615104934039
optimizer_screen,momentum · eta=0.001 · batch=32,momentum,0.001,32,0,3,0.010963405575822977,0.010988753291820799
optimizer_screen,momentum · eta=0.001 · batch=32,momentum,0.001,32,0,4,0.01112226062732777,0.010325570841796673
optimizer_screen,momentum · eta=0.001 · batch=32,momentum,0.001,32,0,5,0.011005122780373302,0.010820586934066628
optimizer_screen,momentum · eta=0.01 · batch=32,momentum,0.01,32,0,1,0.01093038581706452,0.011104321564689703
optimizer_screen,momentum · eta=0.01 · batch=32,momentum,0.01,32,0,2,0.010753745915802554,0.011862900763949616
optimizer_screen,momentum · eta=0.01 · batch=32,momentum,0.01,32,0,3,0.010966411260501336,0.01097671802258537
optimizer_screen,momentum · eta=0.01 · batch=32,momentum,0.01,32,0,4,0.011124696176783971,0.010334222715266007
optimizer_screen,momentum · eta=0.01 · batch=32,momentum,0.01,32,0,5,0.01100859296627353,0.01084112246585897
optimizer_screen,momentum · eta=0.1 · batch=32,momentum,0.1,32,0,1,0.011088598663723435,0.01125850943777138
optimizer_screen,momentum · eta=0.1 · batch=32,momentum,0.1,32,0,2,0.011074935921809716,0.012324740017458913
optimizer_screen,momentum · eta=0.1 · batch=32,momentum,0.1,32,0,3,0.01139415740614066,0.011261970193705277
optimizer_screen,momentum · eta=0.1 · batch=32,momentum,0.1,32,0,4,0.011338094284020729,0.010606857652670231
optimizer_screen,momentum · eta=0.1 · batch=32,momentum,0.1,32,0,5,0.011369766652375147,0.010978391469167808
optimizer_screen,adaptive · eta=0.001 · batch=32,adaptive,0.001,32,0,1,0.01100829899889164,0.011180738806126233
optimizer_screen,adaptive · eta=0.001 · batch=32,adaptive,0.001,32,0,2,0.010828113579724451,0.011883100622173603
optimizer_screen,adaptive · eta=0.001 · batch=32,adaptive,0.001,32,0,3,0.011032013112407995,0.011005005420031721
optimizer_screen,adaptive · eta=0.001 · batch=32,adaptive,0.001,32,0,4,0.011217829762661042,0.010433084852921194
optimizer_screen,adaptive · eta=0.001 · batch=32,adaptive,0.001,32,0,5,0.011084392546394279,0.01099135978950462
optimizer_screen,adaptive · eta=0.01 · batch=32,adaptive,0.01,32,0,1,0.010927233382142054,0.011106666800584503
optimizer_screen,adaptive · eta=0.01 · batch=32,adaptive,0.01,32,0,2,0.010750629541207169,0.011857669912528986
optimizer_screen,adaptive · eta=0.01 · batch=32,adaptive,0.01,32,0,3,0.01096338035534232,0.010989793852973367
optimizer_screen,adaptive · eta=0.01 · batch=32,adaptive,0.01,32,0,4,0.011122235304507993,0.01032583346805574
optimizer_screen,adaptive · eta=0.01 · batch=32,adaptive,0.01,32,0,5,0.01100509138309731,0.010818569831369012
optimizer_screen,adaptive · eta=0.1 · batch=32,adaptive,0.1,32,0,1,0.010932054550586181,0.011105162737508629
optimizer_screen,adaptive · eta=0.1 · batch=32,adaptive,0.1,32,0,2,0.010756657021189785,0.011868156502450935
optimizer_screen,adaptive · eta=0.1 · batch=32,adaptive,0.1,32,0,3,0.010969634818380888,0.010991607251475256
optimizer_screen,adaptive · eta=0.1 · batch=32,adaptive,0.1,32,0,4,0.011125399372944815,0.010335639336957672
optimizer_screen,adaptive · eta=0.1 · batch=32,adaptive,0.1,32,0,5,0.011009302870143347,0.010819459989966185
optimizer_screen,rmsprop · eta=0.0001 · batch=32,rmsprop,0.0001,32,0,1,0.010927384644328336,0.011108397026342465
optimizer_screen,rmsprop · eta=0.0001 · batch=32,rmsprop,0.0001,32,0,2,0.010750866594447194,0.011855314081539144
optimizer_screen,rmsprop · eta=0.0001 · batch=32,rmsprop,0.0001,32,0,3,0.010963611986272766,0.010986616881013636
optimizer_screen,rmsprop · eta=0.0001 · batch=32,rmsprop,0.0001,32,0,4,0.011122681975193161,0.010328644021259131
optimizer_screen,rmsprop · eta=0.0001 · batch=32,rmsprop,0.0001,32,0,5,0.011005371781897325,0.010820852784423568
optimizer_screen,rmsprop · eta=0.001 · batch=32,rmsprop,0.001,32,0,1,0.010935389464877708,0.011110897306119295
optimizer_screen,rmsprop · eta=0.001 · batch=32,rmsprop,0.001,32,0,2,0.010758633912318455,0.011867390018217747
optimizer_screen,rmsprop · eta=0.001 · batch=32,rmsprop,0.001,32,0,3,0.010971315940232488,0.011003038243107797
optimizer_screen,rmsprop · eta=0.001 · batch=32,rmsprop,0.001,32,0,4,0.011126820318941251,0.010344889312826329
optimizer_screen,rmsprop · eta=0.001 · batch=32,rmsprop,0.001,32,0,5,0.011016125923422711,0.010839907871663551
optimizer_screen,rmsprop · eta=0.01 · batch=32,rmsprop,0.01,32,0,1,0.011124240041019503,0.011272291715337945
optimizer_screen,rmsprop · eta=0.01 · batch=32,rmsprop,0.01,32,0,2,0.0109697472106562,0.012135407926634827
optimizer_screen,rmsprop · eta=0.01 · batch=32,rmsprop,0.01,32,0,3,0.011354298118488872,0.011577212429094654
optimizer_screen,rmsprop · eta=0.01 · batch=32,rmsprop,0.01,32,0,4,0.011305216586819274,0.010566298846906373
optimizer_screen,rmsprop · eta=0.01 · batch=32,rmsprop,0.01,32,0,5,0.011380015029283621,0.010965902035682958
optimizer_screen,adam · eta=0.0001 · batch=32,adam,0.0001,32,0,1,0.010927258153698667,0.011107409044129175
optimizer_screen,adam · eta=0.0001 · batch=32,adam,0.0001,32,0,2,0.010750671422127323,0.011856516429145925
optimizer_screen,adam · eta=0.0001 · batch=32,adam,0.0001,32,0,3,0.010963445534582141,0.010989064766499558
optimizer_screen,adam · eta=0.0001 · batch=32,adam,0.0001,32,0,4,0.011122294907617937,0.010325493155024583
optimizer_screen,adam · eta=0.0001 · batch=32,adam,0.0001,32,0,5,0.011005152690138189,0.01082151391297672
optimizer_screen,adam · eta=0.001 · batch=32,adam,0.001,32,0,1,0.010934848748108107,0.011105449188011474
optimizer_screen,adam · eta=0.001 · batch=32,adam,0.001,32,0,2,0.010758827375541168,0.011889447081680821
optimizer_screen,adam · eta=0.001 · batch=32,adam,0.001,32,0,3,0.010969646713279173,0.010976112721103581
optimizer_screen,adam · eta=0.001 · batch=32,adam,0.001,32,0,4,0.011127488549779352,0.010339479112525361
optimizer_screen,adam · eta=0.001 · batch=32,adam,0.001,32,0,5,0.0110134786949296,0.010848041414910477
optimizer_screen,adam · eta=0.01 · batch=32,adam,0.01,32,0,1,0.011194073482662357,0.011320406064406102
optimizer_screen,adam · eta=0.01 · batch=32,adam,0.01,32,0,2,0.011127282596999532,0.012322779868777667
optimizer_screen,adam · eta=0.01 · batch=32,adam,0.01,32,0,3,0.01148701724489699,0.011382272350799484
optimizer_screen,adam · eta=0.01 · batch=32,adam,0.01,32,0,4,0.011437037731434981,0.010748962306178061
optimizer_screen,adam · eta=0.01 · batch=32,adam,0.01,32,0,5,0.011475295062198732,0.010950440849898848
batch_screen,momentum · eta=0.01 · batch=1,momentum,0.01,1,0,1,0.011937559604354657,0.012147003560977431
batch_screen,momentum · eta=0.01 · batch=1,momentum,0.01,1,0,2,0.011801815310407943,0.012498354598444289
batch_screen,momentum · eta=0.01 · batch=1,momentum,0.01,1,0,3,0.01164375949483053,0.011200521535713274
batch_screen,momentum · eta=0.01 · batch=1,momentum,0.01,1,0,4,0.011812464957308685,0.011106760169417489
batch_screen,momentum · eta=0.01 · batch=1,momentum,0.01,1,0,5,0.011201516350091287,0.01096340220650064
batch_screen,momentum · eta=0.01 · batch=8,momentum,0.01,8,0,1,0.010952629994619904,0.011138560001853683
batch_screen,momentum · eta=0.01 · batch=8,momentum,0.01,8,0,2,0.010803016538953424,0.011833139041718349
batch_screen,momentum · eta=0.01 · batch=8,momentum,0.01,8,0,3,0.011088512360259963,0.011034620550688622
batch_screen,momentum · eta=0.01 · batch=8,momentum,0.01,8,0,4,0.011178602211106288,0.010377742221689292
batch_screen,momentum · eta=0.01 · batch=8,momentum,0.01,8,0,5,0.011105394780641698,0.010938969393056573
batch_screen,momentum · eta=0.01 · batch=128,momentum,0.01,128,0,1,0.01092745342373254,0.01110503150005429
batch_screen,momentum · eta=0.01 · batch=128,momentum,0.01,128,0,2,0.010750905398829514,0.01186543309744796
batch_screen,momentum · eta=0.01 · batch=128,momentum,0.01,128,0,3,0.01096391129022093,0.01100007774311304
batch_screen,momentum · eta=0.01 · batch=128,momentum,0.01,128,0,4,0.011122715578275624,0.010323572812687889
batch_screen,momentum · eta=0.01 · batch=128,momentum,0.01,128,0,5,0.011005228683918228,0.010815375907977204
batch_screen,momentum · eta=0.01 · batch=512,momentum,0.01,512,0,1,0.010927388686181034,0.011107468766323392
batch_screen,momentum · eta=0.01 · batch=512,momentum,0.01,512,0,2,0.010750789238235496,0.011863673106173062
batch_screen,momentum · eta=0.01 · batch=512,momentum,0.01,512,0,3,0.010963455610301846,0.010985040125594875
batch_screen,momentum · eta=0.01 · batch=512,momentum,0.01,512,0,4,0.01112230042359487,0.010324307896232243
batch_screen,momentum · eta=0.01 · batch=512,momentum,0.01,512,0,5,0.011005181337176156,0.010821367101639482
batch_screen,momentum · eta=0.01 · batch=full,momentum,0.01,full,0,1,0.01092728298400056,0.011106349578277589
batch_screen,momentum · eta=0.01 · batch=full,momentum,0.01,full,0,2,0.010750668146101422,0.011858656254320763
batch_screen,momentum · eta=0.01 · batch=full,momentum,0.01,full,0,3,0.010963405319713836,0.010987669622064992
batch_screen,momentum · eta=0.01 · batch=full,momentum,0.01,full,0,4,0.011122326097163272,0.010325715818874565
batch_screen,momentum · eta=0.01 · batch=full,momentum,0.01,full,0,5,0.011005147362015001,0.010820322486820326
batch_screen,gradient_descent · eta=0.1 · batch=1,gradient_descent,0.1,1,0,1,0.011795495572538995,0.012019439583693019
batch_screen,gradient_descent · eta=0.1 · batch=1,gradient_descent,0.1,1,0,2,0.011720628133901092,0.0124642555018427
batch_screen,gradient_descent · eta=0.1 · batch=1,gradient_descent,0.1,1,0,3,0.011708548934420531,0.011219390468611522
batch_screen,gradient_descent · eta=0.1 · batch=1,gradient_descent,0.1,1,0,4,0.011815219488622021,0.011110786444151578
batch_screen,gradient_descent · eta=0.1 · batch=1,gradient_descent,0.1,1,0,5,0.011228835072601511,0.01099572211460909
batch_screen,gradient_descent · eta=0.1 · batch=8,gradient_descent,0.1,8,0,1,0.010958568227956848,0.011133614903849544
batch_screen,gradient_descent · eta=0.1 · batch=8,gradient_descent,0.1,8,0,2,0.010802991198816447,0.011827255720946934
batch_screen,gradient_descent · eta=0.1 · batch=8,gradient_descent,0.1,8,0,3,0.011070067253222671,0.011038385678773762
batch_screen,gradient_descent · eta=0.1 · batch=8,gradient_descent,0.1,8,0,4,0.011179713950651825,0.010385615975226982
batch_screen,gradient_descent · eta=0.1 · batch=8,gradient_descent,0.1,8,0,5,0.011090853254257411,0.010911647425404585
batch_screen,gradient_descent · eta=0.1 · batch=128,gradient_descent,0.1,128,0,1,0.010927361460497586,0.011108827563597743
batch_screen,gradient_descent · eta=0.1 · batch=128,gradient_descent,0.1,128,0,2,0.010750724526987354,0.011862237112767921
batch_screen,gradient_descent · eta=0.1 · batch=128,gradient_descent,0.1,128,0,3,0.010963577381128612,0.010993478873039175
batch_screen,gradient_descent · eta=0.1 · batch=128,gradient_descent,0.1,128,0,4,0.011122341482057178,0.010324895772681891
batch_screen,gradient_descent · eta=0.1 · batch=128,gradient_descent,0.1,128,0,5,0.01100526223033543,0.010818131744520591
batch_screen,gradient_descent · eta=0.1 · batch=512,gradient_descent,0.1,512,0,1,0.010927632007431937,0.011108009269657689
batch_screen,gradient_descent · eta=0.1 · batch=512,gradient_descent,0.1,512,0,2,0.010750909459706193,0.011870092731924228
batch_screen,gradient_descent · eta=0.1 · batch=512,gradient_descent,0.1,512,0,3,0.010963631426393913,0.01098699849843977
batch_screen,gradient_descent · eta=0.1 · batch=512,gradient_descent,0.1,512,0,4,0.011122412756144158,0.010323043405738605
batch_screen,gradient_descent · eta=0.1 · batch=512,gradient_descent,0.1,512,0,5,0.011005268775730031,0.010820275824544028
batch_screen,gradient_descent · eta=0.1 · batch=full,gradient_descent,0.1,full,0,1,0.010927297243498274,0.01110636133903067
batch_screen,gradient_descent · eta=0.1 · batch=full,gradient_descent,0.1,full,0,2,0.010750680171630611,0.011858522080076917
batch_screen,gradient_descent · eta=0.1 · batch=full,gradient_descent,0.1,full,0,3,0.0109634154235944,0.010987513743777478
batch_screen,gradient_descent · eta=0.1 · batch=full,gradient_descent,0.1,full,0,4,0.011122346717305345,0.010325766283808309
batch_screen,gradient_descent · eta=0.1 · batch=full,gradient_descent,0.1,full,0,5,0.01100516132388512,0.01082060666804666
seed_finalist,momentum · eta=0.01 · batch=32,momentum,0.01,32,0,1,0.01093038581706452,0.011104321564689703
seed_finalist,momentum · eta=0.01 · batch=32,momentum,0.01,32,0,2,0.010753745915802554,0.011862900763949616
seed_finalist,momentum · eta=0.01 · batch=32,momentum,0.01,32,0,3,0.010966411260501336,0.01097671802258537
seed_finalist,momentum · eta=0.01 · batch=32,momentum,0.01,32,0,4,0.011124696176783971,0.010334222715266007
seed_finalist,momentum · eta=0.01 · batch=32,momentum,0.01,32,0,5,0.01100859296627353,0.01084112246585897
seed_finalist,momentum · eta=0.01 · batch=32,momentum,0.01,32,1,1,0.010931774118365028,0.011097441515932654
seed_finalist,momentum · eta=0.01 · batch=32,momentum,0.01,32,1,2,0.010755531707310355,0.011910766035894641
seed_finalist,momentum · eta=0.01 · batch=32,momentum,0.01,32,1,3,0.010966019610168375,0.010998347450516224
seed_finalist,momentum · eta=0.01 · batch=32,momentum,0.01,32,1,4,0.011127696737512566,0.010311599969194512
seed_finalist,momentum · eta=0.01 · batch=32,momentum,0.01,32,1,5,0.011008797656132873,0.010803736898416945
seed_finalist,momentum · eta=0.01 · batch=32,momentum,0.01,32,2,1,0.010929838584979933,0.011106287075016708
seed_finalist,momentum · eta=0.01 · batch=32,momentum,0.01,32,2,2,0.010755244905431371,0.011898954260134167
seed_finalist,momentum · eta=0.01 · batch=32,momentum,0.01,32,2,3,0.010968363580264989,0.010963991839862422
seed_finalist,momentum · eta=0.01 · batch=32,momentum,0.01,32,2,4,0.011128825297673891,0.0103210440414707
seed_finalist,momentum · eta=0.01 · batch=32,momentum,0.01,32,2,5,0.011008899677242695,0.010816456423449536
seed_finalist,momentum · eta=0.01 · batch=32,momentum,0.01,32,3,1,0.010928612798917717,0.011096460823443559
seed_finalist,momentum · eta=0.01 · batch=32,momentum,0.01,32,3,2,0.010752613626792886,0.011874107357769887
seed_finalist,momentum · eta=0.01 · batch=32,momentum,0.01,32,3,3,0.0109675068391427,0.011010800865882438
seed_finalist,momentum · eta=0.01 · batch=32,momentum,0.01,32,3,4,0.011125046958837209,0.010326714103641672
seed_finalist,momentum · eta=0.01 · batch=32,momentum,0.01,32,3,5,0.011008791163381113,0.010809971204222826
seed_finalist,momentum · eta=0.01 · batch=32,momentum,0.01,32,4,1,0.010931268383261153,0.01110495299898813
seed_finalist,momentum · eta=0.01 · batch=32,momentum,0.01,32,4,2,0.010754903439455416,0.011895338180460846
seed_finalist,momentum · eta=0.01 · batch=32,momentum,0.01,32,4,3,0.010967923108423209,0.01096822848625643
seed_finalist,momentum · eta=0.01 · batch=32,momentum,0.01,32,4,4,0.011125776387122683,0.010322342624150278
seed_finalist,momentum · eta=0.01 · batch=32,momentum,0.01,32,4,5,0.01100652954668107,0.010823193421044916
seed_finalist,gradient_descent · eta=0.1 · batch=128,gradient_descent,0.1,128,0,1,0.010927361460497586,0.011108827563597743
seed_finalist,gradient_descent · eta=0.1 · batch=128,gradient_descent,0.1,128,0,2,0.010750724526987354,0.011862237112767921
seed_finalist,gradient_descent · eta=0.1 · batch=128,gradient_descent,0.1,128,0,3,0.010963577381128612,0.010993478873039175
seed_finalist,gradient_descent · eta=0.1 · batch=128,gradient_descent,0.1,128,0,4,0.011122341482057178,0.010324895772681891
seed_finalist,gradient_descent · eta=0.1 · batch=128,gradient_descent,0.1,128,0,5,0.01100526223033543,0.010818131744520591
seed_finalist,gradient_descent · eta=0.1 · batch=128,gradient_descent,0.1,128,1,1,0.010927580467845515,0.011111623138370049
seed_finalist,gradient_descent · eta=0.1 · batch=128,gradient_descent,0.1,128,1,2,0.010751128511735512,0.011848847991006203
seed_finalist,gradient_descent · eta=0.1 · batch=128,gradient_descent,0.1,128,1,3,0.010963638492963845,0.010996068705825394
seed_finalist,gradient_descent · eta=0.1 · batch=128,gradient_descent,0.1,128,1,4,0.01112238521656964,0.010326484400375034
seed_finalist,gradient_descent · eta=0.1 · batch=128,gradient_descent,0.1,128,1,5,0.01100524535210836,0.010820211513352964
seed_finalist,gradient_descent · eta=0.1 · batch=128,gradient_descent,0.1,128,2,1,0.01092741713506048,0.01110635689272676
seed_finalist,gradient_descent · eta=0.1 · batch=128,gradient_descent,0.1,128,2,2,0.010750879377357962,0.011863332668115125
seed_finalist,gradient_descent · eta=0.1 · batch=128,gradient_descent,0.1,128,2,3,0.010963664107602383,0.010991355702213022
seed_finalist,gradient_descent · eta=0.1 · batch=128,gradient_descent,0.1,128,2,4,0.011122447276681404,0.010329541102146794
seed_finalist,gradient_descent · eta=0.1 · batch=128,gradient_descent,0.1,128,2,5,0.011005302708961218,0.010818825648263685
seed_finalist,gradient_descent · eta=0.1 · batch=128,gradient_descent,0.1,128,3,1,0.010927441028318071,0.011108869656064278
seed_finalist,gradient_descent · eta=0.1 · batch=128,gradient_descent,0.1,128,3,2,0.010750808951990145,0.011853552944161946
seed_finalist,gradient_descent · eta=0.1 · batch=128,gradient_descent,0.1,128,3,3,0.010963910097917013,0.01099055626801228
seed_finalist,gradient_descent · eta=0.1 · batch=128,gradient_descent,0.1,128,3,4,0.011122811967172035,0.010322754472212316
seed_finalist,gradient_descent · eta=0.1 · batch=128,gradient_descent,0.1,128,3,5,0.011005463382737354,0.010816893306789492
seed_finalist,gradient_descent · eta=0.1 · batch=128,gradient_descent,0.1,128,4,1,0.010927727407543232,0.011103968211468843
seed_finalist,gradient_descent · eta=0.1 · batch=128,gradient_descent,0.1,128,4,2,0.010750974089012226,0.011863450274142455
seed_finalist,gradient_descent · eta=0.1 · batch=128,gradient_descent,0.1,128,4,3,0.010963582034680258,0.010985938463607126
seed_finalist,gradient_descent · eta=0.1 · batch=128,gradient_descent,0.1,128,4,4,0.011122324669142784,0.010325878540836326
seed_finalist,gradient_descent · eta=0.1 · batch=128,gradient_descent,0.1,128,4,5,0.011005239117650547,0.010818622111361375
seed_finalist,momentum · eta=0.01 · batch=128,momentum,0.01,128,0,1,0.01092745342373254,0.01110503150005429
seed_finalist,momentum · eta=0.01 · batch=128,momentum,0.01,128,0,2,0.010750905398829514,0.01186543309744796
seed_finalist,momentum · eta=0.01 · batch=128,momentum,0.01,128,0,3,0.01096391129022093,0.01100007774311304
seed_finalist,momentum · eta=0.01 · batch=128,momentum,0.01,128,0,4,0.011122715578275624,0.010323572812687889
seed_finalist,momentum · eta=0.01 · batch=128,momentum,0.01,128,0,5,0.011005228683918228,0.010815375907977204
seed_finalist,momentum · eta=0.01 · batch=128,momentum,0.01,128,1,1,0.010927500295187954,0.011108008474913127
seed_finalist,momentum · eta=0.01 · batch=128,momentum,0.01,128,1,2,0.010750938660082766,0.011857306783844397
seed_finalist,momentum · eta=0.01 · batch=128,momentum,0.01,128,1,3,0.010963717724754315,0.010986644838191752
seed_finalist,momentum · eta=0.01 · batch=128,momentum,0.01,128,1,4,0.01112251429913998,0.010324444314764963
seed_finalist,momentum · eta=0.01 · batch=128,momentum,0.01,128,1,5,0.011005357015900238,0.010819398568480122
seed_finalist,momentum · eta=0.01 · batch=128,momentum,0.01,128,2,1,0.010927609789082287,0.011104831676118415
seed_finalist,momentum · eta=0.01 · batch=128,momentum,0.01,128,2,2,0.010751026187739937,0.011864351851438075
seed_finalist,momentum · eta=0.01 · batch=128,momentum,0.01,128,2,3,0.010963717713232976,0.010988824718603352
seed_finalist,momentum · eta=0.01 · batch=128,momentum,0.01,128,2,4,0.011122468270558317,0.010324354045362494
seed_finalist,momentum · eta=0.01 · batch=128,momentum,0.01,128,2,5,0.011005255557541782,0.010819404183906388
seed_finalist,momentum · eta=0.01 · batch=128,momentum,0.01,128,3,1,0.010927534904124665,0.011108220438072977
seed_finalist,momentum · eta=0.01 · batch=128,momentum,0.01,128,3,2,0.010750808666164072,0.011856491748108707
seed_finalist,momentum · eta=0.01 · batch=128,momentum,0.01,128,3,3,0.010963662536063892,0.010995917338880962
seed_finalist,momentum · eta=0.01 · batch=128,momentum,0.01,128,3,4,0.01112255713930162,0.010327265292249185
seed_finalist,momentum · eta=0.01 · batch=128,momentum,0.01,128,3,5,0.011005216341963707,0.010816524068675781
seed_finalist,momentum · eta=0.01 · batch=128,momentum,0.01,128,4,1,0.010927496541387267,0.01110670971083459
seed_finalist,momentum · eta=0.01 · batch=128,momentum,0.01,128,4,2,0.0107511073509306,0.01186362612674029
seed_finalist,momentum · eta=0.01 · batch=128,momentum,0.01,128,4,3,0.010963551756641111,0.010986243094061472
seed_finalist,momentum · eta=0.01 · batch=128,momentum,0.01,128,4,4,0.01112239793322925,0.010325353168719967
seed_finalist,momentum · eta=0.01 · batch=128,momentum,0.01,128,4,5,0.011005275048211112,0.01081815348903306
seed_finalist,gradient_descent · eta=0.1 · batch=512,gradient_descent,0.1,512,0,1,0.010927632007431937,0.011108009269657689
seed_finalist,gradient_descent · eta=0.1 · batch=512,gradient_descent,0.1,512,0,2,0.010750909459706193,0.011870092731924228
seed_finalist,gradient_descent · eta=0.1 · batch=512,gradient_descent,0.1,512,0,3,0.010963631426393913,0.01098699849843977
seed_finalist,gradient_descent · eta=0.1 · batch=512,gradient_descent,0.1,512,0,4,0.011122412756144158,0.010323043405738605
seed_finalist,gradient_descent · eta=0.1 · batch=512,gradient_descent,0.1,512,0,5,0.011005268775730031,0.010820275824544028
seed_finalist,gradient_descent · eta=0.1 · batch=512,gradient_descent,0.1,512,1,1,0.0109273184732968,0.011105798071263603
seed_finalist,gradient_descent · eta=0.1 · batch=512,gradient_descent,0.1,512,1,2,0.01075073829083914,0.01186125442043991
seed_finalist,gradient_descent · eta=0.1 · batch=512,gradient_descent,0.1,512,1,3,0.0109635044641038,0.010985351235988573
seed_finalist,gradient_descent · eta=0.1 · batch=512,gradient_descent,0.1,512,1,4,0.011122412756755656,0.010328687935656444
seed_finalist,gradient_descent · eta=0.1 · batch=512,gradient_descent,0.1,512,1,5,0.01100525861496775,0.01082122994550095
seed_finalist,gradient_descent · eta=0.1 · batch=512,gradient_descent,0.1,512,2,1,0.010927316168286476,0.011105306362520438
seed_finalist,gradient_descent · eta=0.1 · batch=512,gradient_descent,0.1,512,2,2,0.010750806168336888,0.011862122270849209
seed_finalist,gradient_descent · eta=0.1 · batch=512,gradient_descent,0.1,512,2,3,0.01096361892647858,0.01099285347189054
seed_finalist,gradient_descent · eta=0.1 · batch=512,gradient_descent,0.1,512,2,4,0.011122570123459748,0.010323715197469581
seed_finalist,gradient_descent · eta=0.1 · batch=512,gradient_descent,0.1,512,2,5,0.011005447484770135,0.010809915857641083
seed_finalist,gradient_descent · eta=0.1 · batch=512,gradient_descent,0.1,512,3,1,0.01092738373441537,0.01110637936018762
seed_finalist,gradient_descent · eta=0.1 · batch=512,gradient_descent,0.1,512,3,2,0.010751041671860312,0.01185685251914148
seed_finalist,gradient_descent · eta=0.1 · batch=512,gradient_descent,0.1,512,3,3,0.010963649331558549,0.010992481795799935
seed_finalist,gradient_descent · eta=0.1 · batch=512,gradient_descent,0.1,512,3,4,0.011122433261172038,0.010324007356779722
seed_finalist,gradient_descent · eta=0.1 · batch=512,gradient_descent,0.1,512,3,5,0.01100515883844615,0.010815937587170922
seed_finalist,gradient_descent · eta=0.1 · batch=512,gradient_descent,0.1,512,4,1,0.010927434461968942,0.011106275970395853
seed_finalist,gradient_descent · eta=0.1 · batch=512,gradient_descent,0.1,512,4,2,0.010750682918628606,0.011859902455661615
seed_finalist,gradient_descent · eta=0.1 · batch=512,gradient_descent,0.1,512,4,3,0.010963402397936705,0.010987222957172688
seed_finalist,gradient_descent · eta=0.1 · batch=512,gradient_descent,0.1,512,4,4,0.011122287474859847,0.010323895241352939
seed_finalist,gradient_descent · eta=0.1 · batch=512,gradient_descent,0.1,512,4,5,0.01100517121588775,0.010818453625027107
seed_finalist,momentum · eta=0.01 · batch=512,momentum,0.01,512,0,1,0.010927388686181034,0.011107468766323392
seed_finalist,momentum · eta=0.01 · batch=512,momentum,0.01,512,0,2,0.010750789238235496,0.011863673106173062
seed_finalist,momentum · eta=0.01 · batch=512,momentum,0.01,512,0,3,0.010963455610301846,0.010985040125594875
seed_finalist,momentum · eta=0.01 · batch=512,momentum,0.01,512,0,4,0.01112230042359487,0.010324307896232243
seed_finalist,momentum · eta=0.01 · batch=512,momentum,0.01,512,0,5,0.011005181337176156,0.010821367101639482
seed_finalist,momentum · eta=0.01 · batch=512,momentum,0.01,512,1,1,0.010927365880090419,0.011106885004735242
seed_finalist,momentum · eta=0.01 · batch=512,momentum,0.01,512,1,2,0.010750761647738484,0.011857320993531645
seed_finalist,momentum · eta=0.01 · batch=512,momentum,0.01,512,1,3,0.010963502964165516,0.010987662517782073
seed_finalist,momentum · eta=0.01 · batch=512,momentum,0.01,512,1,4,0.0111224470332694,0.010328981145972464
seed_finalist,momentum · eta=0.01 · batch=512,momentum,0.01,512,1,5,0.011005264360325156,0.010821548598422739
seed_finalist,momentum · eta=0.01 · batch=512,momentum,0.01,512,2,1,0.010927362458783306,0.011106419701789445
seed_finalist,momentum · eta=0.01 · batch=512,momentum,0.01,512,2,2,0.01075077173439755,0.011864452596164456
seed_finalist,momentum · eta=0.01 · batch=512,momentum,0.01,512,2,3,0.010963627360619928,0.010993185122854033
seed_finalist,momentum · eta=0.01 · batch=512,momentum,0.01,512,2,4,0.011122532512790254,0.010323884994618391
seed_finalist,momentum · eta=0.01 · batch=512,momentum,0.01,512,2,5,0.011005417511443044,0.010811531245356786
seed_finalist,momentum · eta=0.01 · batch=512,momentum,0.01,512,3,1,0.01092736527891568,0.011108800843174338
seed_finalist,momentum · eta=0.01 · batch=512,momentum,0.01,512,3,2,0.010750905969235744,0.011852866456830117
seed_finalist,momentum · eta=0.01 · batch=512,momentum,0.01,512,3,3,0.010963546823307965,0.010989198834849239
seed_finalist,momentum · eta=0.01 · batch=512,momentum,0.01,512,3,4,0.011122361770953203,0.010323919896509154
seed_finalist,momentum · eta=0.01 · batch=512,momentum,0.01,512,3,5,0.011005152718144213,0.010816257201696832
seed_finalist,momentum · eta=0.01 · batch=512,momentum,0.01,512,4,1,0.010927374847560907,0.011105334581902594
seed_finalist,momentum · eta=0.01 · batch=512,momentum,0.01,512,4,2,0.010750683977914281,0.01186337625936415
seed_finalist,momentum · eta=0.01 · batch=512,momentum,0.01,512,4,3,0.010963452774147796,0.010987778987935834
seed_finalist,momentum · eta=0.01 · batch=512,momentum,0.01,512,4,4,0.011122282310820861,0.01032445195930883
seed_finalist,momentum · eta=0.01 · batch=512,momentum,0.01,512,4,5,0.0110051739908167,0.010818148139565673
