stage,configuration,optimizer,learning_rate,batch_size,seed,epochs_run,selected_epoch,training_mse,validation_mse,validation_std,minimum_validation_mse,minimum_epoch,tail_range,seconds,estimated_seconds_to_selected_epoch
optimizer_screen,gradient_descent · eta=0.001 · batch=32,gradient_descent,0.001,32,0,300,299,0.012407070843510126,0.012469104036716335,0.000407378189515295,0.012457363115639131,300,0.0009818260902311766,3.8541856250000004,3.841338339583334
optimizer_screen,gradient_descent · eta=0.01 · batch=32,gradient_descent,0.01,32,0,300,108,0.01096493168085835,0.011030162307369447,0.0004867918689020328,0.011019233395719922,217,7.271347746643647e-07,3.655791916,1.31608508976
optimizer_screen,gradient_descent · eta=0.1 · batch=32,gradient_descent,0.1,32,0,300,300,0.010958596083062072,0.011023992867836983,0.0004971638046271477,0.011010168964478899,133,2.388225076224021e-05,3.656856499999999,3.656856499999999
optimizer_screen,momentum · eta=0.001 · batch=32,momentum,0.001,32,0,300,109,0.010964267903739626,0.011029931418895678,0.0004865704522678941,0.01101897410807196,219,1.3028764029050094e-06,4.196378832999999,1.524684309323333
optimizer_screen,momentum · eta=0.01 · batch=32,momentum,0.01,32,0,300,300,0.010956766427285183,0.011023857106469933,0.000494303231596434,0.011011498209167974,133,2.4316033261010186e-05,4.180745333999999,4.180745333999999
optimizer_screen,momentum · eta=0.1 · batch=32,momentum,0.1,32,0,300,300,0.011253110585613938,0.011286093754154722,0.0005720439281560241,0.011052944370840607,177,0.000341410818995325,4.219793040999999,4.219793040999999
optimizer_screen,adaptive · eta=0.001 · batch=32,adaptive,0.001,32,0,300,295,0.011043990341751936,0.01110843468166359,0.00046403949921615905,0.011098657898151475,300,0.0002281953301681034,3.7408447499999973,3.6784973374999974
optimizer_screen,adaptive · eta=0.01 · batch=32,adaptive,0.01,32,0,300,104,0.010964377146641089,0.01102955878884777,0.0004864818093088984,0.011019094734920274,217,9.41025055399558e-07,3.7067697499999994,1.2850135133333331
optimizer_screen,adaptive · eta=0.1 · batch=32,adaptive,0.1,32,0,300,300,0.010958609726649002,0.011024005163671736,0.0004971747979820507,0.011010161615881654,133,2.3912024281497885e-05,3.7145606670000006,3.7145606670000006
optimizer_screen,rmsprop · eta=0.0001 · batch=32,rmsprop,0.0001,32,0,300,98,0.010963425850587419,0.011028303652820776,0.0004919875597492539,0.011017560201396397,288,4.448732994320401e-06,4.812496291999999,1.572082122053333
optimizer_screen,rmsprop · eta=0.001 · batch=32,rmsprop,0.001,32,0,300,300,0.010961657111958522,0.011033224550386944,0.0004927378685248096,0.011009379305401884,253,3.912917375624783e-05,4.8187022919999976,4.8187022919999976
optimizer_screen,rmsprop · eta=0.01 · batch=32,rmsprop,0.01,32,0,300,300,0.011226703397253493,0.01130342259073135,0.0005339290486465238,0.011093828920648008,186,0.00032142875137969144,4.846920833000006,4.846920833000006
optimizer_screen,adam · eta=0.0001 · batch=32,adam,0.0001,32,0,300,116,0.010963299436451435,0.011028131247940933,0.0004899943137969504,0.011018676691217675,254,2.0285748514869972e-06,5.626472499999998,2.1755693666666662
optimizer_screen,adam · eta=0.001 · batch=32,adam,0.001,32,0,300,300,0.01096085801632748,0.011031705903646345,0.0005014297911369891,0.011011140823081179,133,4.4206589526042325e-05,5.633393750000003,5.633393750000003
optimizer_screen,adam · eta=0.01 · batch=32,adam,0.01,32,0,300,300,0.011344141223638518,0.011344972288012034,0.0005420305181692882,0.011081366032618115,177,0.0005439359662350318,5.655310209000007,5.655310209000007
batch_screen,momentum · eta=0.01 · batch=1,momentum,0.01,1,0,60,60,0.01167942314339862,0.011583208414210623,0.0006185417395926614,0.011232290259079115,49,0.0010186273100118593,24.448207041000003,24.448207041000003
batch_screen,momentum · eta=0.01 · batch=8,momentum,0.01,8,0,100,100,0.011025631177116255,0.011064606241801304,0.00046574193814443257,0.011031747888641601,87,0.00015965193303476427,5.26597012500001,5.265970125000011
batch_screen,momentum · eta=0.01 · batch=128,momentum,0.01,128,0,600,46,0.010959963737343235,0.011026059274222911,0.000492897510741439,0.01101605043000686,497,6.900804265149926e-06,3.6852058329999977,0.2825324471966665
batch_screen,momentum · eta=0.01 · batch=512,momentum,0.01,512,0,1200,163,0.010963168735741699,0.011028235112705894,0.0004873266285257862,0.011017710140506638,987,4.127398965568518e-06,3.2578313340000022,0.44252208953500033
batch_screen,momentum · eta=0.01 · batch=full,momentum,0.01,full,0,3000,1578,0.010965197044251395,0.011030726782959018,0.0004863815532515548,0.011019742752071647,3000,4.478312256878808e-07,4.476416874999998,2.354595276249999
batch_screen,gradient_descent · eta=0.1 · batch=1,gradient_descent,0.1,1,0,60,60,0.01165374544041683,0.01156191882258158,0.0005770548566381204,0.011219985478367814,49,0.0008722349025590565,21.45982275,21.45982275
batch_screen,gradient_descent · eta=0.1 · batch=8,gradient_descent,0.1,8,0,100,100,0.01102043877698104,0.011059303940840362,0.0004628968677887166,0.011036772734781205,49,0.0001563792166657512,4.595279667,4.595279667
batch_screen,gradient_descent · eta=0.1 · batch=128,gradient_descent,0.1,128,0,600,45,0.010961743697010947,0.011027538689808259,0.0004907801825351721,0.01101700856838458,253,4.240274929855764e-06,3.3328636249999875,0.24996477187499905
batch_screen,gradient_descent · eta=0.1 · batch=512,gradient_descent,0.1,512,0,1200,168,0.01096263882253409,0.011028096820178964,0.0004901465298590542,0.011017426626313467,981,4.428594654014295e-06,3.090653875000015,0.43269154250000214
batch_screen,gradient_descent · eta=0.1 · batch=full,gradient_descent,0.1,full,0,3000,1611,0.010965242031800089,0.011030755056747716,0.00048638660672297053,0.011019754022948006,3000,5.279082875373625e-07,4.473700000000008,2.402376900000004
seed_finalist,momentum · eta=0.01 · batch=32,momentum,0.01,32,0,300,300,0.010956766427285183,0.011023857106469933,0.000494303231596434,0.011011498209167974,133,2.4316033261010186e-05,4.2494971249999764,4.2494971249999764
seed_finalist,momentum · eta=0.01 · batch=32,momentum,0.01,32,1,300,300,0.010957963965897839,0.011024378373990996,0.0005193139000546898,0.0110125969935246,278,2.1376258302072473e-05,4.250167290999997,4.250167290999997
seed_finalist,momentum · eta=0.01 · batch=32,momentum,0.01,32,2,300,300,0.010958234409118575,0.011021346727986707,0.0005124652799677562,0.011013152966302196,31,2.3945059841289085e-05,4.239727165999994,4.239727165999994
seed_finalist,momentum · eta=0.01 · batch=32,momentum,0.01,32,3,300,300,0.010956514277414325,0.011023610870992077,0.0005020204173906098,0.011013277304242343,79,1.7519987680523e-05,4.295105875000019,4.295105875000019
seed_finalist,momentum · eta=0.01 · batch=32,momentum,0.01,32,4,300,299,0.010956111920389958,0.011021360211665207,0.0005036784465012268,0.011012881595390017,30,2.3772956744647078e-05,4.2938459579999915,4.279533138139992
seed_finalist,gradient_descent · eta=0.1 · batch=128,gradient_descent,0.1,128,0,600,45,0.010961743697010947,0.011027538689808259,0.0004907801825351721,0.01101700856838458,253,4.240274929855764e-06,3.3171878330000197,0.24878908747500147
seed_finalist,gradient_descent · eta=0.1 · batch=128,gradient_descent,0.1,128,1,600,37,0.010961723327883392,0.011027402639958972,0.0004856936902160321,0.011016566902256313,138,6.3309615595929375e-06,3.317422707999981,0.2045744003266655
seed_finalist,gradient_descent · eta=0.1 · batch=128,gradient_descent,0.1,128,2,600,45,0.010959924047318381,0.011025515249473764,0.00048807489446960517,0.011017047644383613,217,4.77990368568694e-06,3.3233992079999837,0.24925494059999878
seed_finalist,gradient_descent · eta=0.1 · batch=128,gradient_descent,0.1,128,3,600,44,0.010962444660418463,0.011026518495600221,0.00048542279302333927,0.01101627593345274,79,5.314339452772501e-06,3.2858587080000063,0.24096297192000046
seed_finalist,gradient_descent · eta=0.1 · batch=128,gradient_descent,0.1,128,4,600,44,0.01095995380794977,0.011027762169197708,0.0004893122083034563,0.011017079955759918,317,4.950309142231005e-06,3.305426082999986,0.24239791275333233
seed_finalist,momentum · eta=0.01 · batch=128,momentum,0.01,128,0,600,46,0.010959963737343235,0.011026059274222911,0.000492897510741439,0.01101605043000686,497,6.900804265149926e-06,3.599899834000013,0.2759923206066677
seed_finalist,momentum · eta=0.01 · batch=128,momentum,0.01,128,1,600,38,0.010959511058766497,0.011025822303461255,0.0004863861512458754,0.01101623049570015,139,6.320502311083984e-06,3.5968340419999834,0.2277994893266656
seed_finalist,momentum · eta=0.01 · batch=128,momentum,0.01,128,2,600,43,0.010961454092146444,0.011027551534019252,0.0004918813104684905,0.011016584282658361,419,6.148568885823089e-06,3.588087291999983,0.25714625592666546
seed_finalist,momentum · eta=0.01 · batch=128,momentum,0.01,128,3,600,45,0.010960404266075831,0.011023861297467519,0.00048687275869280927,0.011016259618574298,134,4.959196346836919e-06,3.617366500000003,0.2713024875000002
seed_finalist,momentum · eta=0.01 · batch=128,momentum,0.01,128,4,600,41,0.010962274045700776,0.011026036237203805,0.0004875392433630538,0.011015877635739586,443,5.616756399005884e-06,3.5997477909999986,0.24598276571833325
seed_finalist,gradient_descent · eta=0.1 · batch=512,gradient_descent,0.1,512,0,1200,168,0.01096263882253409,0.011028096820178964,0.0004901465298590542,0.011017426626313467,981,4.428594654014295e-06,3.114009249999981,0.43596129499999736
seed_finalist,gradient_descent · eta=0.1 · batch=512,gradient_descent,0.1,512,1,1200,137,0.010963023637958518,0.011027586376071583,0.0004869611808088758,0.011016847662599184,1043,4.74146318591058e-06,3.1110950839999987,0.3551833554233332
seed_finalist,gradient_descent · eta=0.1 · batch=512,gradient_descent,0.1,512,2,1200,166,0.010961598084673382,0.011027592081524679,0.0004931283748006824,0.011016942494412481,1010,6.123089732450876e-06,3.077686375000013,0.4257466152083352
seed_finalist,gradient_descent · eta=0.1 · batch=512,gradient_descent,0.1,512,3,1200,165,0.010962997932247004,0.011027198215375216,0.0004895785736442022,0.011016514394588435,839,5.889045772974194e-06,3.114766041999985,0.42828033077499794
seed_finalist,gradient_descent · eta=0.1 · batch=512,gradient_descent,0.1,512,4,1200,159,0.010961969150039923,0.01102687340943825,0.000488508260473555,0.011016477976028439,903,4.954727138536605e-06,3.2120552080000095,0.42559731506000126
seed_finalist,momentum · eta=0.01 · batch=512,momentum,0.01,512,0,1200,163,0.010963168735741699,0.011028235112705894,0.0004873266285257862,0.011017710140506638,987,4.127398965568518e-06,3.221854250000007,0.43763520229166764
seed_finalist,momentum · eta=0.01 · batch=512,momentum,0.01,512,1,1200,134,0.010962148877066221,0.011027760550131032,0.0004890995791102991,0.011016814115400125,1044,4.763895207711422e-06,3.212021415999999,0.35867572478666654
seed_finalist,momentum · eta=0.01 · batch=512,momentum,0.01,512,2,1200,160,0.010962365098156407,0.011027598888408706,0.00048691522785253007,0.011016864043739642,1011,6.0456388722360255e-06,3.1465358340000193,0.41953811120000256
seed_finalist,momentum · eta=0.01 · batch=512,momentum,0.01,512,3,1200,163,0.010962312120295161,0.011027338791898354,0.0004888741004284393,0.01101643530601264,840,5.948370285755594e-06,3.1707015830000103,0.4306869650241681
seed_finalist,momentum · eta=0.01 · batch=512,momentum,0.01,512,4,1200,155,0.010962087993299592,0.011027213310212397,0.000487383573045729,0.01101671520805502,904,4.4005283371690435e-06,3.1613028330000077,0.40833494926250097
