seed,threshold,accuracy,precision,recall,f1,tpr,fpr,true_negative,false_positive,false_negative,true_positive
0,0.855,0.9658333333333333,0.8319783197831978,0.883453237410072,0.8569434752267969,0.883453237410072,0.023374175306314797,5181,124,81,614
0,0.856,0.9656666666666667,0.8335607094133697,0.879136690647482,0.8557422969187675,0.879136690647482,0.02299717247879359,5183,122,84,611
0,0.857,0.966,0.8358413132694938,0.879136690647482,0.8569424964936886,0.879136690647482,0.022620169651272386,5185,120,84,611
0,0.858,0.966,0.8358413132694938,0.879136690647482,0.8569424964936886,0.879136690647482,0.022620169651272386,5185,120,84,611
0,0.859,0.966,0.8358413132694938,0.879136690647482,0.8569424964936886,0.879136690647482,0.022620169651272386,5185,120,84,611
0,0.86,0.966,0.8367626886145405,0.8776978417266187,0.8567415730337079,0.8776978417266187,0.022431668237511783,5186,119,85,610
0,0.861,0.9663333333333334,0.8390646492434664,0.8776978417266187,0.8579465541490858,0.8776978417266187,0.022054665409990574,5188,117,85,610
0,0.862,0.9666666666666667,0.8413793103448276,0.8776978417266187,0.8591549295774648,0.8776978417266187,0.021677662582469368,5190,115,85,610
0,0.863,0.9668333333333333,0.8434903047091413,0.8762589928057554,0.8595624558927312,0.8762589928057554,0.021300659754948163,5192,113,86,609
0,0.864,0.9668333333333333,0.8434903047091413,0.8762589928057554,0.8595624558927312,0.8762589928057554,0.021300659754948163,5192,113,86,609
0,0.865,0.9675,0.8481894150417827,0.8762589928057554,0.861995753715499,0.8762589928057554,0.020546654099905748,5196,109,86,609
0,0.866,0.9676666666666667,0.8493723849372385,0.8762589928057554,0.8626062322946175,0.8762589928057554,0.020358152686145145,5197,108,86,609
0,0.867,0.968,0.85273492286115,0.874820143884892,0.8636363636363636,0.874820143884892,0.019792648444863337,5200,105,87,608
0,0.868,0.9681666666666666,0.8539325842696629,0.874820143884892,0.8642501776830135,0.874820143884892,0.019604147031102734,5201,104,87,608
0,0.869,0.968,0.8537271448663853,0.8733812949640288,0.8634423897581792,0.8733812949640288,0.019604147031102734,5201,104,88,607
0,0.87,0.9681666666666666,0.8549295774647887,0.8733812949640288,0.8640569395017793,0.8733812949640288,0.01941564561734213,5202,103,88,607
0,0.871,0.968,0.8547249647390691,0.8719424460431655,0.8632478632478633,0.8719424460431655,0.01941564561734213,5202,103,89,606
0,0.872,0.9681666666666666,0.8569405099150141,0.8705035971223022,0.8636688079942898,0.8705035971223022,0.019038642789820922,5204,101,90,605
0,0.873,0.9685,0.859375,0.8705035971223022,0.8649035025017869,0.8705035971223022,0.018661639962299716,5206,99,90,605
0,0.874,0.9686666666666667,0.8605974395448079,0.8705035971223022,0.8655221745350501,0.8705035971223022,0.018473138548539113,5207,98,90,605
0,0.875,0.9688333333333333,0.8618233618233618,0.8705035971223022,0.8661417322834646,0.8705035971223022,0.01828463713477851,5208,97,90,605
0,0.876,0.9688333333333333,0.8618233618233618,0.8705035971223022,0.8661417322834646,0.8705035971223022,0.01828463713477851,5208,97,90,605
0,0.877,0.9691666666666666,0.8642857142857143,0.8705035971223022,0.8673835125448028,0.8705035971223022,0.017907634307257305,5210,95,90,605
0,0.878,0.9696666666666667,0.8680057388809183,0.8705035971223022,0.8692528735632183,0.8705035971223022,0.017342130065975493,5213,92,90,605
0,0.879,0.97,0.8715728715728716,0.8690647482014389,0.8703170028818443,0.8690647482014389,0.016776625824693685,5216,89,91,604
0,0.88,0.97,0.8748180494905385,0.8647482014388489,0.869753979739508,0.8647482014388489,0.016211121583411876,5219,86,94,601
0,0.881,0.9703333333333334,0.8773722627737226,0.8647482014388489,0.8710144927536232,0.8647482014388489,0.01583411875589067,5221,84,94,601
0,0.882,0.9706666666666667,0.8810572687224669,0.8633093525179856,0.872093023255814,0.8633093525179856,0.015268614514608859,5224,81,95,600
0,0.883,0.9708333333333333,0.883480825958702,0.8618705035971223,0.8725418790968682,0.8618705035971223,0.014891611687087653,5226,79,96,599
0,0.884,0.9706666666666667,0.8833087149187593,0.860431654676259,0.8717201166180758,0.860431654676259,0.014891611687087653,5226,79,97,598
0,0.885,0.9705,0.8831360946745562,0.8589928057553957,0.8708971553610503,0.8589928057553957,0.014891611687087653,5226,79,98,597
0,0.886,0.9703333333333334,0.882962962962963,0.8575539568345324,0.8700729927007299,0.8575539568345324,0.014891611687087653,5226,79,99,596
0,0.887,0.97,0.8826151560178306,0.8546762589928057,0.868421052631579,0.8546762589928057,0.014891611687087653,5226,79,101,594
0,0.888,0.97,0.8837555886736215,0.8532374100719424,0.8682284040995608,0.8532374100719424,0.01470311027332705,5227,78,102,593
0,0.889,0.97,0.8849028400597907,0.8517985611510791,0.8680351906158358,0.8517985611510791,0.014514608859566448,5228,77,103,592
0,0.89,0.9698333333333333,0.8858858858858859,0.8489208633093526,0.8670095518001469,0.8489208633093526,0.014326107445805843,5229,76,105,590
0,0.891,0.9696666666666667,0.8868778280542986,0.8460431654676259,0.865979381443299,0.8460431654676259,0.01413760603204524,5230,75,107,588
0,0.892,0.9695,0.8867069486404834,0.8446043165467626,0.8651436993367723,0.8446043165467626,0.01413760603204524,5230,75,108,587
0,0.893,0.9693333333333334,0.886535552193646,0.8431654676258993,0.8643067846607669,0.8431654676258993,0.01413760603204524,5230,75,109,586
0,0.894,0.9695,0.8878787878787879,0.8431654676258993,0.8649446494464945,0.8431654676258993,0.013949104618284637,5231,74,109,586
0,0.895,0.9693333333333334,0.8888888888888888,0.8402877697841726,0.863905325443787,0.8402877697841726,0.013760603204524035,5232,73,111,584
0,0.896,0.9691666666666666,0.8887195121951219,0.8388489208633093,0.8630643967431533,0.8388489208633093,0.013760603204524035,5232,73,112,583
0,0.897,0.9693333333333334,0.891271056661562,0.837410071942446,0.8635014836795252,0.837410071942446,0.013383600377002827,5234,71,113,582
0,0.898,0.9688333333333333,0.8907692307692308,0.8330935251798561,0.8609665427509293,0.8330935251798561,0.013383600377002827,5234,71,116,579
0,0.899,0.9685,0.8904320987654321,0.8302158273381295,0.8592702903946389,0.8302158273381295,0.013383600377002827,5234,71,118,577
0,0.9,0.9685,0.891640866873065,0.8287769784172662,0.8590604026845637,0.8287769784172662,0.013195098963242224,5235,70,119,576
0,0.901,0.9686666666666667,0.8930232558139535,0.8287769784172662,0.8597014925373134,0.8287769784172662,0.013006597549481622,5236,69,119,576
0,0.902,0.9688333333333333,0.8956386292834891,0.8273381294964028,0.8601346297681376,0.8273381294964028,0.012629594721960414,5238,67,120,575
0,0.903,0.9688333333333333,0.896875,0.8258992805755395,0.8599250936329588,0.8258992805755395,0.012441093308199811,5239,66,121,574
0,0.904,0.969,0.8995290423861853,0.8244604316546763,0.8603603603603603,0.8244604316546763,0.012064090480678606,5241,64,122,573
0,0.905,0.9688333333333333,0.89937106918239,0.823021582733813,0.859504132231405,0.823021582733813,0.012064090480678606,5241,64,123,572
0,0.906,0.969,0.9007874015748032,0.823021582733813,0.8601503759398497,0.823021582733813,0.011875589066918001,5242,63,123,572
0,0.907,0.969,0.9020537124802528,0.8215827338129497,0.8599397590361446,0.8215827338129497,0.011687087653157398,5243,62,124,571
0,0.908,0.969,0.904610492845787,0.818705035971223,0.8595166163141994,0.818705035971223,0.011310084825636193,5245,60,126,569
0,0.909,0.9686666666666667,0.9043062200956937,0.8158273381294964,0.8577912254160364,0.8158273381294964,0.011310084825636193,5245,60,128,567
0,0.91,0.9686666666666667,0.9056,0.814388489208633,0.8575757575757575,0.814388489208633,0.011121583411875588,5246,59,129,566
0,0.911,0.9685,0.905448717948718,0.8129496402877698,0.8567096285064443,0.8129496402877698,0.011121583411875588,5246,59,130,565
0,0.912,0.9686666666666667,0.9082125603864735,0.8115107913669065,0.8571428571428571,0.8115107913669065,0.010744580584354383,5248,57,131,564
0,0.913,0.9686666666666667,0.9082125603864735,0.8115107913669065,0.8571428571428571,0.8115107913669065,0.010744580584354383,5248,57,131,564
0,0.914,0.9685,0.9080645161290323,0.8100719424460432,0.8562737642585552,0.8100719424460432,0.010744580584354383,5248,57,132,563
0,0.915,0.9683333333333334,0.9092382495948136,0.8071942446043165,0.8551829268292683,0.8071942446043165,0.01055607917059378,5249,56,134,561
1,0.855,0.9648333333333333,0.824396782841823,0.8848920863309353,0.8535739070090215,0.8848920863309353,0.02469368520263902,5174,131,80,615
1,0.856,0.9655,0.8288409703504043,0.8848920863309353,0.8559498956158664,0.8848920863309353,0.023939679547596605,5178,127,80,615
1,0.857,0.9655,0.8297297297297297,0.883453237410072,0.8557491289198607,0.883453237410072,0.023751178133836003,5179,126,81,614
1,0.858,0.9656666666666667,0.8326530612244898,0.8805755395683453,0.855944055944056,0.8805755395683453,0.023185673892554194,5182,123,83,612
1,0.859,0.9661666666666666,0.8360655737704918,0.8805755395683453,0.8577435178696566,0.8805755395683453,0.022620169651272386,5185,120,83,612
1,0.86,0.966,0.8358413132694938,0.879136690647482,0.8569424964936886,0.879136690647482,0.022620169651272386,5185,120,84,611
1,0.861,0.966,0.8358413132694938,0.879136690647482,0.8569424964936886,0.879136690647482,0.022620169651272386,5185,120,84,611
1,0.862,0.9661666666666666,0.836986301369863,0.879136690647482,0.8575438596491228,0.879136690647482,0.022431668237511783,5186,119,84,611
1,0.863,0.9661666666666666,0.8379120879120879,0.8776978417266187,0.8573436401967673,0.8776978417266187,0.022243166823751177,5187,118,85,610
1,0.864,0.9665,0.8402203856749312,0.8776978417266187,0.8585503166783955,0.8776978417266187,0.02186616399622997,5189,116,85,610
1,0.865,0.9666666666666667,0.8423236514522822,0.8762589928057554,0.8589562764456982,0.8762589928057554,0.021489161168708765,5191,114,86,609
1,0.866,0.9668333333333333,0.8434903047091413,0.8762589928057554,0.8595624558927312,0.8762589928057554,0.021300659754948163,5192,113,86,609
1,0.867,0.967,0.8446601941747572,0.8762589928057554,0.8601694915254238,0.8762589928057554,0.02111215834118756,5193,112,86,609
1,0.868,0.9671666666666666,0.8458333333333333,0.8762589928057554,0.8607773851590106,0.8762589928057554,0.020923656927426957,5194,111,86,609
1,0.869,0.9678333333333333,0.8505586592178771,0.8762589928057554,0.8632175761871014,0.8762589928057554,0.020169651272384542,5198,107,86,609
1,0.87,0.9681666666666666,0.8539325842696629,0.874820143884892,0.8642501776830135,0.874820143884892,0.019604147031102734,5201,104,87,608
1,0.871,0.9681666666666666,0.8539325842696629,0.874820143884892,0.8642501776830135,0.874820143884892,0.019604147031102734,5201,104,87,608
1,0.872,0.968,0.8537271448663853,0.8733812949640288,0.8634423897581792,0.8733812949640288,0.019604147031102734,5201,104,88,607
1,0.873,0.968,0.8547249647390691,0.8719424460431655,0.8632478632478633,0.8719424460431655,0.01941564561734213,5202,103,89,606
1,0.874,0.9681666666666666,0.8569405099150141,0.8705035971223022,0.8636688079942898,0.8705035971223022,0.019038642789820922,5204,101,90,605
1,0.875,0.9683333333333334,0.8581560283687943,0.8705035971223022,0.8642857142857143,0.8705035971223022,0.01885014137606032,5205,100,90,605
1,0.876,0.9685,0.859375,0.8705035971223022,0.8649035025017869,0.8705035971223022,0.018661639962299716,5206,99,90,605
1,0.877,0.9686666666666667,0.8605974395448079,0.8705035971223022,0.8655221745350501,0.8705035971223022,0.018473138548539113,5207,98,90,605
1,0.878,0.9688333333333333,0.8618233618233618,0.8705035971223022,0.8661417322834646,0.8705035971223022,0.01828463713477851,5208,97,90,605
1,0.879,0.969,0.8630527817403709,0.8705035971223022,0.8667621776504298,0.8705035971223022,0.018096135721017908,5209,96,90,605
1,0.88,0.9691666666666666,0.8653295128939829,0.8690647482014389,0.8671931083991385,0.8690647482014389,0.017719132893496702,5211,94,91,604
1,0.881,0.9695,0.867816091954023,0.8690647482014389,0.8684399712437095,0.8690647482014389,0.017342130065975493,5213,92,91,604
1,0.882,0.97,0.8726483357452967,0.8676258992805755,0.8701298701298701,0.8676258992805755,0.016588124410933082,5217,88,92,603
1,0.883,0.9701666666666666,0.8739130434782608,0.8676258992805755,0.8707581227436824,0.8676258992805755,0.01639962299717248,5218,87,92,603
1,0.884,0.9706666666666667,0.8799414348462665,0.8647482014388489,0.872278664731495,0.8647482014388489,0.015457115928369463,5223,82,94,601
1,0.885,0.9706666666666667,0.882179675994109,0.8618705035971223,0.8719068413391557,0.8618705035971223,0.015080113100848256,5225,80,96,599
1,0.886,0.9708333333333333,0.883480825958702,0.8618705035971223,0.8725418790968682,0.8618705035971223,0.014891611687087653,5226,79,96,599
1,0.887,0.9706666666666667,0.8833087149187593,0.860431654676259,0.8717201166180758,0.860431654676259,0.014891611687087653,5226,79,97,598
1,0.888,0.9701666666666666,0.8827893175074184,0.8561151079136691,0.8692476260043828,0.8561151079136691,0.014891611687087653,5226,79,100,595
1,0.889,0.97,0.8826151560178306,0.8546762589928057,0.868421052631579,0.8546762589928057,0.014891611687087653,5226,79,101,594
1,0.89,0.97,0.8826151560178306,0.8546762589928057,0.868421052631579,0.8546762589928057,0.014891611687087653,5226,79,101,594
1,0.891,0.97,0.8849028400597907,0.8517985611510791,0.8680351906158358,0.8517985611510791,0.014514608859566448,5228,77,103,592
1,0.892,0.9696666666666667,0.8845577211394303,0.8489208633093526,0.8663729809104258,0.8489208633093526,0.014514608859566448,5228,77,105,590
1,0.893,0.9696666666666667,0.8857142857142857,0.8474820143884892,0.8661764705882353,0.8474820143884892,0.014326107445805843,5229,76,106,589
1,0.894,0.9695,0.8867069486404834,0.8446043165467626,0.8651436993367723,0.8446043165467626,0.01413760603204524,5230,75,108,587
1,0.895,0.9695,0.8867069486404834,0.8446043165467626,0.8651436993367723,0.8446043165467626,0.01413760603204524,5230,75,108,587
1,0.896,0.9695,0.8878787878787879,0.8431654676258993,0.8649446494464945,0.8431654676258993,0.013949104618284637,5231,74,109,586
1,0.897,0.969,0.8873668188736682,0.8388489208633093,0.8624260355029586,0.8388489208633093,0.013949104618284637,5231,74,112,583
1,0.898,0.969,0.8885496183206106,0.837410071942446,0.8622222222222222,0.837410071942446,0.013760603204524035,5232,73,113,582
1,0.899,0.9688333333333333,0.8895705521472392,0.8345323741007195,0.8611729769858946,0.8345323741007195,0.01357210179076343,5233,72,115,580
1,0.9,0.9688333333333333,0.8907692307692308,0.8330935251798561,0.8609665427509293,0.8330935251798561,0.013383600377002827,5234,71,116,579
1,0.901,0.9686666666666667,0.8918083462132921,0.8302158273381295,0.8599105812220567,0.8302158273381295,0.013195098963242224,5235,70,118,577
1,0.902,0.9686666666666667,0.8918083462132921,0.8302158273381295,0.8599105812220567,0.8302158273381295,0.013195098963242224,5235,70,118,577
1,0.903,0.9685,0.891640866873065,0.8287769784172662,0.8590604026845637,0.8287769784172662,0.013195098963242224,5235,70,119,576
1,0.904,0.9686666666666667,0.8942457231726283,0.8273381294964028,0.85949177877429,0.8273381294964028,0.012818096135721017,5237,68,120,575
1,0.905,0.9688333333333333,0.896875,0.8258992805755395,0.8599250936329588,0.8258992805755395,0.012441093308199811,5239,66,121,574
1,0.906,0.969,0.8982785602503912,0.8258992805755395,0.8605697151424287,0.8258992805755395,0.012252591894439209,5240,65,121,574
1,0.907,0.9688333333333333,0.89937106918239,0.823021582733813,0.859504132231405,0.823021582733813,0.012064090480678606,5241,64,123,572
1,0.908,0.969,0.9007874015748032,0.823021582733813,0.8601503759398497,0.823021582733813,0.011875589066918001,5242,63,123,572
1,0.909,0.969,0.9020537124802528,0.8215827338129497,0.8599397590361446,0.8215827338129497,0.011687087653157398,5243,62,124,571
1,0.91,0.9686666666666667,0.9030206677265501,0.8172661870503597,0.8580060422960725,0.8172661870503597,0.011498586239396796,5244,61,127,568
1,0.911,0.9685,0.9028662420382165,0.8158273381294964,0.8571428571428571,0.8158273381294964,0.011498586239396796,5244,61,128,567
1,0.912,0.9686666666666667,0.9043062200956937,0.8158273381294964,0.8577912254160364,0.8158273381294964,0.011310084825636193,5245,60,128,567
1,0.913,0.9685,0.905448717948718,0.8129496402877698,0.8567096285064443,0.8129496402877698,0.011121583411875588,5246,59,130,565
1,0.914,0.9686666666666667,0.9082125603864735,0.8115107913669065,0.8571428571428571,0.8115107913669065,0.010744580584354383,5248,57,131,564
1,0.915,0.9686666666666667,0.9082125603864735,0.8115107913669065,0.8571428571428571,0.8115107913669065,0.010744580584354383,5248,57,131,564
2,0.855,0.9655,0.8297297297297297,0.883453237410072,0.8557491289198607,0.883453237410072,0.023751178133836003,5179,126,81,614
2,0.856,0.9658333333333333,0.8319783197831978,0.883453237410072,0.8569434752267969,0.883453237410072,0.023374175306314797,5181,124,81,614
2,0.857,0.9663333333333334,0.8362892223738063,0.8820143884892087,0.8585434173669467,0.8820143884892087,0.022620169651272386,5185,120,82,613
2,0.858,0.966,0.8358413132694938,0.879136690647482,0.8569424964936886,0.879136690647482,0.022620169651272386,5185,120,84,611
2,0.859,0.966,0.8358413132694938,0.879136690647482,0.8569424964936886,0.879136690647482,0.022620169651272386,5185,120,84,611
2,0.86,0.966,0.8358413132694938,0.879136690647482,0.8569424964936886,0.879136690647482,0.022620169651272386,5185,120,84,611
2,0.861,0.9663333333333334,0.8381344307270233,0.879136690647482,0.8581460674157303,0.879136690647482,0.022243166823751177,5187,118,84,611
2,0.862,0.9665,0.8402203856749312,0.8776978417266187,0.8585503166783955,0.8776978417266187,0.02186616399622997,5189,116,85,610
2,0.863,0.9665,0.8402203856749312,0.8776978417266187,0.8585503166783955,0.8776978417266187,0.02186616399622997,5189,116,85,610
2,0.864,0.9668333333333333,0.8434903047091413,0.8762589928057554,0.8595624558927312,0.8762589928057554,0.021300659754948163,5192,113,86,609
2,0.865,0.9668333333333333,0.8434903047091413,0.8762589928057554,0.8595624558927312,0.8762589928057554,0.021300659754948163,5192,113,86,609
2,0.866,0.9673333333333334,0.847009735744089,0.8762589928057554,0.8613861386138614,0.8762589928057554,0.020735155513666354,5195,110,86,609
2,0.867,0.9678333333333333,0.8505586592178771,0.8762589928057554,0.8632175761871014,0.8762589928057554,0.020169651272384542,5198,107,86,609
2,0.868,0.968,0.85273492286115,0.874820143884892,0.8636363636363636,0.874820143884892,0.019792648444863337,5200,105,87,608
2,0.869,0.9681666666666666,0.8539325842696629,0.874820143884892,0.8642501776830135,0.874820143884892,0.019604147031102734,5201,104,87,608
2,0.87,0.968,0.8537271448663853,0.8733812949640288,0.8634423897581792,0.8733812949640288,0.019604147031102734,5201,104,88,607
2,0.871,0.968,0.8537271448663853,0.8733812949640288,0.8634423897581792,0.8733812949640288,0.019604147031102734,5201,104,88,607
2,0.872,0.968,0.8547249647390691,0.8719424460431655,0.8632478632478633,0.8719424460431655,0.01941564561734213,5202,103,89,606
2,0.873,0.9683333333333334,0.8581560283687943,0.8705035971223022,0.8642857142857143,0.8705035971223022,0.01885014137606032,5205,100,90,605
2,0.874,0.9685,0.859375,0.8705035971223022,0.8649035025017869,0.8705035971223022,0.018661639962299716,5206,99,90,605
2,0.875,0.9686666666666667,0.8605974395448079,0.8705035971223022,0.8655221745350501,0.8705035971223022,0.018473138548539113,5207,98,90,605
2,0.876,0.9688333333333333,0.8618233618233618,0.8705035971223022,0.8661417322834646,0.8705035971223022,0.01828463713477851,5208,97,90,605
2,0.877,0.9688333333333333,0.8618233618233618,0.8705035971223022,0.8661417322834646,0.8705035971223022,0.01828463713477851,5208,97,90,605
2,0.878,0.9693333333333334,0.8655221745350501,0.8705035971223022,0.8680057388809183,0.8705035971223022,0.017719132893496702,5211,94,90,605
2,0.879,0.9695,0.867816091954023,0.8690647482014389,0.8684399712437095,0.8690647482014389,0.017342130065975493,5213,92,91,604
2,0.88,0.9698333333333333,0.8703170028818443,0.8690647482014389,0.8696904247660188,0.8690647482014389,0.016965127238454288,5215,90,91,604
2,0.881,0.9701666666666666,0.875,0.8661870503597122,0.8705712219812003,0.8661870503597122,0.016211121583411876,5219,86,93,602
2,0.882,0.9703333333333334,0.8773722627737226,0.8647482014388489,0.8710144927536232,0.8647482014388489,0.01583411875589067,5221,84,94,601
2,0.883,0.9708333333333333,0.8823529411764706,0.8633093525179856,0.8727272727272727,0.8633093525179856,0.015080113100848256,5225,80,95,600
2,0.884,0.9708333333333333,0.883480825958702,0.8618705035971223,0.8725418790968682,0.8618705035971223,0.014891611687087653,5226,79,96,599
2,0.885,0.9708333333333333,0.883480825958702,0.8618705035971223,0.8725418790968682,0.8618705035971223,0.014891611687087653,5226,79,96,599
2,0.886,0.9705,0.8831360946745562,0.8589928057553957,0.8708971553610503,0.8589928057553957,0.014891611687087653,5226,79,98,597
2,0.887,0.9701666666666666,0.8827893175074184,0.8561151079136691,0.8692476260043828,0.8561151079136691,0.014891611687087653,5226,79,100,595
2,0.888,0.97,0.8826151560178306,0.8546762589928057,0.868421052631579,0.8546762589928057,0.014891611687087653,5226,79,101,594
2,0.889,0.9701666666666666,0.8850746268656716,0.8532374100719424,0.8688644688644689,0.8532374100719424,0.014514608859566448,5228,77,102,593
2,0.89,0.9698333333333333,0.8847305389221557,0.8503597122302158,0.8672046955245781,0.8503597122302158,0.014514608859566448,5228,77,104,591
2,0.891,0.9696666666666667,0.8857142857142857,0.8474820143884892,0.8661764705882353,0.8474820143884892,0.014326107445805843,5229,76,106,589
2,0.892,0.9698333333333333,0.8870481927710844,0.8474820143884892,0.8668138337012509,0.8474820143884892,0.01413760603204524,5230,75,106,589
2,0.893,0.9695,0.8867069486404834,0.8446043165467626,0.8651436993367723,0.8446043165467626,0.01413760603204524,5230,75,108,587
2,0.894,0.9693333333333334,0.886535552193646,0.8431654676258993,0.8643067846607669,0.8431654676258993,0.01413760603204524,5230,75,109,586
2,0.895,0.9695,0.8878787878787879,0.8431654676258993,0.8649446494464945,0.8431654676258993,0.013949104618284637,5231,74,109,586
2,0.896,0.9691666666666666,0.8887195121951219,0.8388489208633093,0.8630643967431533,0.8388489208633093,0.013760603204524035,5232,73,112,583
2,0.897,0.9691666666666666,0.8887195121951219,0.8388489208633093,0.8630643967431533,0.8388489208633093,0.013760603204524035,5232,73,112,583
2,0.898,0.9693333333333334,0.891271056661562,0.837410071942446,0.8635014836795252,0.837410071942446,0.013383600377002827,5234,71,113,582
2,0.899,0.9688333333333333,0.8907692307692308,0.8330935251798561,0.8609665427509293,0.8330935251798561,0.013383600377002827,5234,71,116,579
2,0.9,0.9686666666666667,0.8918083462132921,0.8302158273381295,0.8599105812220567,0.8302158273381295,0.013195098963242224,5235,70,118,577
2,0.901,0.9685,0.891640866873065,0.8287769784172662,0.8590604026845637,0.8287769784172662,0.013195098963242224,5235,70,119,576
2,0.902,0.9685,0.891640866873065,0.8287769784172662,0.8590604026845637,0.8287769784172662,0.013195098963242224,5235,70,119,576
2,0.903,0.9688333333333333,0.8956386292834891,0.8273381294964028,0.8601346297681376,0.8273381294964028,0.012629594721960414,5238,67,120,575
2,0.904,0.9688333333333333,0.896875,0.8258992805755395,0.8599250936329588,0.8258992805755395,0.012441093308199811,5239,66,121,574
2,0.905,0.9688333333333333,0.89937106918239,0.823021582733813,0.859504132231405,0.823021582733813,0.012064090480678606,5241,64,123,572
2,0.906,0.9688333333333333,0.89937106918239,0.823021582733813,0.859504132231405,0.823021582733813,0.012064090480678606,5241,64,123,572
2,0.907,0.969,0.9020537124802528,0.8215827338129497,0.8599397590361446,0.8215827338129497,0.011687087653157398,5243,62,124,571
2,0.908,0.9691666666666666,0.9034810126582279,0.8215827338129497,0.8605877920120573,0.8215827338129497,0.011498586239396796,5244,61,124,571
2,0.909,0.9688333333333333,0.9044585987261147,0.8172661870503597,0.8586545729402872,0.8172661870503597,0.011310084825636193,5245,60,127,568
2,0.91,0.9686666666666667,0.9043062200956937,0.8158273381294964,0.8577912254160364,0.8158273381294964,0.011310084825636193,5245,60,128,567
2,0.911,0.9686666666666667,0.9056,0.814388489208633,0.8575757575757575,0.814388489208633,0.011121583411875588,5246,59,129,566
2,0.912,0.9685,0.905448717948718,0.8129496402877698,0.8567096285064443,0.8129496402877698,0.011121583411875588,5246,59,130,565
2,0.913,0.9686666666666667,0.9082125603864735,0.8115107913669065,0.8571428571428571,0.8115107913669065,0.010744580584354383,5248,57,131,564
2,0.914,0.9686666666666667,0.9082125603864735,0.8115107913669065,0.8571428571428571,0.8115107913669065,0.010744580584354383,5248,57,131,564
2,0.915,0.9683333333333334,0.9079159935379645,0.8086330935251799,0.8554033485540334,0.8086330935251799,0.010744580584354383,5248,57,133,562
3,0.855,0.9656666666666667,0.8308525033829499,0.883453237410072,0.8563458856345886,0.883453237410072,0.0235626767200754,5180,125,81,614
3,0.856,0.966,0.8340136054421768,0.8820143884892087,0.8573426573426574,0.8820143884892087,0.02299717247879359,5183,122,82,613
3,0.857,0.966,0.8358413132694938,0.879136690647482,0.8569424964936886,0.879136690647482,0.022620169651272386,5185,120,84,611
3,0.858,0.966,0.8358413132694938,0.879136690647482,0.8569424964936886,0.879136690647482,0.022620169651272386,5185,120,84,611
3,0.859,0.966,0.8358413132694938,0.879136690647482,0.8569424964936886,0.879136690647482,0.022620169651272386,5185,120,84,611
3,0.86,0.9661666666666666,0.836986301369863,0.879136690647482,0.8575438596491228,0.879136690647482,0.022431668237511783,5186,119,84,611
3,0.861,0.9661666666666666,0.8379120879120879,0.8776978417266187,0.8573436401967673,0.8776978417266187,0.022243166823751177,5187,118,85,610
3,0.862,0.9663333333333334,0.8390646492434664,0.8776978417266187,0.8579465541490858,0.8776978417266187,0.022054665409990574,5188,117,85,610
3,0.863,0.9668333333333333,0.8425414364640884,0.8776978417266187,0.8597603946441156,0.8776978417266187,0.021489161168708765,5191,114,85,610
3,0.864,0.9668333333333333,0.8434903047091413,0.8762589928057554,0.8595624558927312,0.8762589928057554,0.021300659754948163,5192,113,86,609
3,0.865,0.967,0.8446601941747572,0.8762589928057554,0.8601694915254238,0.8762589928057554,0.02111215834118756,5193,112,86,609
3,0.866,0.9675,0.8481894150417827,0.8762589928057554,0.861995753715499,0.8762589928057554,0.020546654099905748,5196,109,86,609
3,0.867,0.9676666666666667,0.8503496503496504,0.874820143884892,0.8624113475177305,0.874820143884892,0.020169651272384542,5198,107,87,608
3,0.868,0.9681666666666666,0.8539325842696629,0.874820143884892,0.8642501776830135,0.874820143884892,0.019604147031102734,5201,104,87,608
3,0.869,0.9681666666666666,0.8539325842696629,0.874820143884892,0.8642501776830135,0.874820143884892,0.019604147031102734,5201,104,87,608
3,0.87,0.9678333333333333,0.8535211267605634,0.8719424460431655,0.8626334519572953,0.8719424460431655,0.019604147031102734,5201,104,89,606
3,0.871,0.968,0.8547249647390691,0.8719424460431655,0.8632478632478633,0.8719424460431655,0.01941564561734213,5202,103,89,606
3,0.872,0.9678333333333333,0.8545197740112994,0.8705035971223022,0.8624376336421953,0.8705035971223022,0.01941564561734213,5202,103,90,605
3,0.873,0.9683333333333334,0.8581560283687943,0.8705035971223022,0.8642857142857143,0.8705035971223022,0.01885014137606032,5205,100,90,605
3,0.874,0.9686666666666667,0.8605974395448079,0.8705035971223022,0.8655221745350501,0.8705035971223022,0.018473138548539113,5207,98,90,605
3,0.875,0.9686666666666667,0.8605974395448079,0.8705035971223022,0.8655221745350501,0.8705035971223022,0.018473138548539113,5207,98,90,605
3,0.876,0.9688333333333333,0.8618233618233618,0.8705035971223022,0.8661417322834646,0.8705035971223022,0.01828463713477851,5208,97,90,605
3,0.877,0.9688333333333333,0.8618233618233618,0.8705035971223022,0.8661417322834646,0.8705035971223022,0.01828463713477851,5208,97,90,605
3,0.878,0.9693333333333334,0.8655221745350501,0.8705035971223022,0.8680057388809183,0.8705035971223022,0.017719132893496702,5211,94,90,605
3,0.879,0.9696666666666667,0.8690647482014389,0.8690647482014389,0.8690647482014389,0.8690647482014389,0.01715362865221489,5214,91,91,604
3,0.88,0.97,0.8726483357452967,0.8676258992805755,0.8701298701298701,0.8676258992805755,0.016588124410933082,5217,88,92,603
3,0.881,0.97,0.8737300435413643,0.8661870503597122,0.869942196531792,0.8661870503597122,0.01639962299717248,5218,87,93,602
3,0.882,0.9703333333333334,0.8784773060029283,0.8633093525179856,0.8708272859216255,0.8633093525179856,0.015645617342130064,5222,83,95,600
3,0.883,0.9706666666666667,0.882179675994109,0.8618705035971223,0.8719068413391557,0.8618705035971223,0.015080113100848256,5225,80,96,599
3,0.884,0.9708333333333333,0.883480825958702,0.8618705035971223,0.8725418790968682,0.8618705035971223,0.014891611687087653,5226,79,96,599
3,0.885,0.9706666666666667,0.8833087149187593,0.860431654676259,0.8717201166180758,0.860431654676259,0.014891611687087653,5226,79,97,598
3,0.886,0.9705,0.8831360946745562,0.8589928057553957,0.8708971553610503,0.8589928057553957,0.014891611687087653,5226,79,98,597
3,0.887,0.9701666666666666,0.8827893175074184,0.8561151079136691,0.8692476260043828,0.8561151079136691,0.014891611687087653,5226,79,100,595
3,0.888,0.9701666666666666,0.8839285714285714,0.8546762589928057,0.8690563277249451,0.8546762589928057,0.01470311027332705,5227,78,101,594
3,0.889,0.97,0.8849028400597907,0.8517985611510791,0.8680351906158358,0.8517985611510791,0.014514608859566448,5228,77,103,592
3,0.89,0.9696666666666667,0.8845577211394303,0.8489208633093526,0.8663729809104258,0.8489208633093526,0.014514608859566448,5228,77,105,590
3,0.891,0.9696666666666667,0.8857142857142857,0.8474820143884892,0.8661764705882353,0.8474820143884892,0.014326107445805843,5229,76,106,589
3,0.892,0.9695,0.8867069486404834,0.8446043165467626,0.8651436993367723,0.8446043165467626,0.01413760603204524,5230,75,108,587
3,0.893,0.9695,0.8867069486404834,0.8446043165467626,0.8651436993367723,0.8446043165467626,0.01413760603204524,5230,75,108,587
3,0.894,0.9695,0.8878787878787879,0.8431654676258993,0.8649446494464945,0.8431654676258993,0.013949104618284637,5231,74,109,586
3,0.895,0.9691666666666666,0.8875379939209727,0.8402877697841726,0.8632668144863267,0.8402877697841726,0.013949104618284637,5231,74,111,584
3,0.896,0.9691666666666666,0.8887195121951219,0.8388489208633093,0.8630643967431533,0.8388489208633093,0.013760603204524035,5232,73,112,583
3,0.897,0.9691666666666666,0.8899082568807339,0.837410071942446,0.8628613787991104,0.837410071942446,0.01357210179076343,5233,72,113,582
3,0.898,0.969,0.890937019969278,0.8345323741007195,0.861812778603269,0.8345323741007195,0.013383600377002827,5234,71,115,580
3,0.899,0.9686666666666667,0.8906009244992296,0.8316546762589928,0.8601190476190477,0.8316546762589928,0.013383600377002827,5234,71,117,578
3,0.9,0.9685,0.891640866873065,0.8287769784172662,0.8590604026845637,0.8287769784172662,0.013195098963242224,5235,70,119,576
3,0.901,0.9685,0.891640866873065,0.8287769784172662,0.8590604026845637,0.8287769784172662,0.013195098963242224,5235,70,119,576
3,0.902,0.969,0.895800933125972,0.8287769784172662,0.8609865470852018,0.8287769784172662,0.012629594721960414,5238,67,119,576
3,0.903,0.969,0.8970358814352574,0.8273381294964028,0.8607784431137725,0.8273381294964028,0.012441093308199811,5239,66,120,575
3,0.904,0.9688333333333333,0.8981191222570533,0.8244604316546763,0.859714928732183,0.8244604316546763,0.012252591894439209,5240,65,122,573
3,0.905,0.9688333333333333,0.89937106918239,0.823021582733813,0.859504132231405,0.823021582733813,0.012064090480678606,5241,64,123,572
3,0.906,0.969,0.9007874015748032,0.823021582733813,0.8601503759398497,0.823021582733813,0.011875589066918001,5242,63,123,572
3,0.907,0.969,0.9020537124802528,0.8215827338129497,0.8599397590361446,0.8215827338129497,0.011687087653157398,5243,62,124,571
3,0.908,0.9688333333333333,0.9031746031746032,0.818705035971223,0.8588679245283019,0.818705035971223,0.011498586239396796,5244,61,126,569
3,0.909,0.9686666666666667,0.9043062200956937,0.8158273381294964,0.8577912254160364,0.8158273381294964,0.011310084825636193,5245,60,128,567
3,0.91,0.9686666666666667,0.9043062200956937,0.8158273381294964,0.8577912254160364,0.8158273381294964,0.011310084825636193,5245,60,128,567
3,0.911,0.9686666666666667,0.9056,0.814388489208633,0.8575757575757575,0.814388489208633,0.011121583411875588,5246,59,129,566
3,0.912,0.9686666666666667,0.9069020866773676,0.8129496402877698,0.8573596358118362,0.8129496402877698,0.010933081998114986,5247,58,130,565
3,0.913,0.9686666666666667,0.9082125603864735,0.8115107913669065,0.8571428571428571,0.8115107913669065,0.010744580584354383,5248,57,131,564
3,0.914,0.9686666666666667,0.9082125603864735,0.8115107913669065,0.8571428571428571,0.8115107913669065,0.010744580584354383,5248,57,131,564
3,0.915,0.9683333333333334,0.9092382495948136,0.8071942446043165,0.8551829268292683,0.8071942446043165,0.01055607917059378,5249,56,134,561
4,0.855,0.9655,0.8297297297297297,0.883453237410072,0.8557491289198607,0.883453237410072,0.023751178133836003,5179,126,81,614
4,0.856,0.9656666666666667,0.8308525033829499,0.883453237410072,0.8563458856345886,0.883453237410072,0.0235626767200754,5180,125,81,614
4,0.857,0.9658333333333333,0.8337874659400545,0.8805755395683453,0.8565430370888734,0.8805755395683453,0.02299717247879359,5183,122,83,612
4,0.858,0.9661666666666666,0.8360655737704918,0.8805755395683453,0.8577435178696566,0.8805755395683453,0.022620169651272386,5185,120,83,612
4,0.859,0.966,0.8358413132694938,0.879136690647482,0.8569424964936886,0.879136690647482,0.022620169651272386,5185,120,84,611
4,0.86,0.966,0.8358413132694938,0.879136690647482,0.8569424964936886,0.879136690647482,0.022620169651272386,5185,120,84,611
4,0.861,0.9661666666666666,0.836986301369863,0.879136690647482,0.8575438596491228,0.879136690647482,0.022431668237511783,5186,119,84,611
4,0.862,0.9663333333333334,0.8390646492434664,0.8776978417266187,0.8579465541490858,0.8776978417266187,0.022054665409990574,5188,117,85,610
4,0.863,0.9665,0.8402203856749312,0.8776978417266187,0.8585503166783955,0.8776978417266187,0.02186616399622997,5189,116,85,610
4,0.864,0.9666666666666667,0.8423236514522822,0.8762589928057554,0.8589562764456982,0.8762589928057554,0.021489161168708765,5191,114,86,609
4,0.865,0.9668333333333333,0.8434903047091413,0.8762589928057554,0.8595624558927312,0.8762589928057554,0.021300659754948163,5192,113,86,609
4,0.866,0.9671666666666666,0.8458333333333333,0.8762589928057554,0.8607773851590106,0.8762589928057554,0.020923656927426957,5194,111,86,609
4,0.867,0.9675,0.8481894150417827,0.8762589928057554,0.861995753715499,0.8762589928057554,0.020546654099905748,5196,109,86,609
4,0.868,0.968,0.85273492286115,0.874820143884892,0.8636363636363636,0.874820143884892,0.019792648444863337,5200,105,87,608
4,0.869,0.9681666666666666,0.8539325842696629,0.874820143884892,0.8642501776830135,0.874820143884892,0.019604147031102734,5201,104,87,608
4,0.87,0.968,0.8537271448663853,0.8733812949640288,0.8634423897581792,0.8733812949640288,0.019604147031102734,5201,104,88,607
4,0.871,0.9678333333333333,0.8535211267605634,0.8719424460431655,0.8626334519572953,0.8719424460431655,0.019604147031102734,5201,104,89,606
4,0.872,0.968,0.8547249647390691,0.8719424460431655,0.8632478632478633,0.8719424460431655,0.01941564561734213,5202,103,89,606
4,0.873,0.968,0.8557284299858557,0.8705035971223022,0.8630527817403709,0.8705035971223022,0.019227144203581528,5203,102,90,605
4,0.874,0.9683333333333334,0.8581560283687943,0.8705035971223022,0.8642857142857143,0.8705035971223022,0.01885014137606032,5205,100,90,605
4,0.875,0.9685,0.859375,0.8705035971223022,0.8649035025017869,0.8705035971223022,0.018661639962299716,5206,99,90,605
4,0.876,0.9688333333333333,0.8618233618233618,0.8705035971223022,0.8661417322834646,0.8705035971223022,0.01828463713477851,5208,97,90,605
4,0.877,0.9688333333333333,0.8618233618233618,0.8705035971223022,0.8661417322834646,0.8705035971223022,0.01828463713477851,5208,97,90,605
4,0.878,0.9691666666666666,0.8642857142857143,0.8705035971223022,0.8673835125448028,0.8705035971223022,0.017907634307257305,5210,95,90,605
4,0.879,0.9693333333333334,0.866571018651363,0.8690647482014389,0.867816091954023,0.8690647482014389,0.0175306314797361,5212,93,91,604
4,0.88,0.9696666666666667,0.8701298701298701,0.8676258992805755,0.8688760806916427,0.8676258992805755,0.016965127238454288,5215,90,92,603
4,0.881,0.9701666666666666,0.8739130434782608,0.8676258992805755,0.8707581227436824,0.8676258992805755,0.01639962299717248,5218,87,92,603
4,0.882,0.9705,0.8775510204081632,0.8661870503597122,0.8718320057929037,0.8661870503597122,0.01583411875589067,5221,84,93,602
4,0.883,0.9703333333333334,0.8795888399412628,0.8618705035971223,0.8706395348837209,0.8618705035971223,0.015457115928369463,5223,82,96,599
4,0.884,0.9706666666666667,0.882179675994109,0.8618705035971223,0.8719068413391557,0.8618705035971223,0.015080113100848256,5225,80,96,599
4,0.885,0.9708333333333333,0.883480825958702,0.8618705035971223,0.8725418790968682,0.8618705035971223,0.014891611687087653,5226,79,96,599
4,0.886,0.9706666666666667,0.8833087149187593,0.860431654676259,0.8717201166180758,0.860431654676259,0.014891611687087653,5226,79,97,598
4,0.887,0.9703333333333334,0.882962962962963,0.8575539568345324,0.8700729927007299,0.8575539568345324,0.014891611687087653,5226,79,99,596
4,0.888,0.97,0.8826151560178306,0.8546762589928057,0.868421052631579,0.8546762589928057,0.014891611687087653,5226,79,101,594
4,0.889,0.9701666666666666,0.8839285714285714,0.8546762589928057,0.8690563277249451,0.8546762589928057,0.01470311027332705,5227,78,101,594
4,0.89,0.9698333333333333,0.8847305389221557,0.8503597122302158,0.8672046955245781,0.8503597122302158,0.014514608859566448,5228,77,104,591
4,0.891,0.9696666666666667,0.8845577211394303,0.8489208633093526,0.8663729809104258,0.8489208633093526,0.014514608859566448,5228,77,105,590
4,0.892,0.9695,0.8855421686746988,0.8460431654676259,0.8653421633554084,0.8460431654676259,0.014326107445805843,5229,76,107,588
4,0.893,0.9695,0.8867069486404834,0.8446043165467626,0.8651436993367723,0.8446043165467626,0.01413760603204524,5230,75,108,587
4,0.894,0.9695,0.8878787878787879,0.8431654676258993,0.8649446494464945,0.8431654676258993,0.013949104618284637,5231,74,109,586
4,0.895,0.9693333333333334,0.8877086494688923,0.841726618705036,0.8641063515509602,0.841726618705036,0.013949104618284637,5231,74,110,585
4,0.896,0.9691666666666666,0.8887195121951219,0.8388489208633093,0.8630643967431533,0.8388489208633093,0.013760603204524035,5232,73,112,583
4,0.897,0.969,0.8885496183206106,0.837410071942446,0.8622222222222222,0.837410071942446,0.013760603204524035,5232,73,113,582
4,0.898,0.969,0.889739663093415,0.8359712230215828,0.8620178041543026,0.8359712230215828,0.01357210179076343,5233,72,114,581
4,0.899,0.9688333333333333,0.8907692307692308,0.8330935251798561,0.8609665427509293,0.8330935251798561,0.013383600377002827,5234,71,116,579
4,0.9,0.9686666666666667,0.8918083462132921,0.8302158273381295,0.8599105812220567,0.8302158273381295,0.013195098963242224,5235,70,118,577
4,0.901,0.9685,0.891640866873065,0.8287769784172662,0.8590604026845637,0.8287769784172662,0.013195098963242224,5235,70,119,576
4,0.902,0.9685,0.891640866873065,0.8287769784172662,0.8590604026845637,0.8287769784172662,0.013195098963242224,5235,70,119,576
4,0.903,0.9688333333333333,0.8956386292834891,0.8273381294964028,0.8601346297681376,0.8273381294964028,0.012629594721960414,5238,67,120,575
4,0.904,0.9688333333333333,0.896875,0.8258992805755395,0.8599250936329588,0.8258992805755395,0.012441093308199811,5239,66,121,574
4,0.905,0.9686666666666667,0.8979591836734694,0.823021582733813,0.8588588588588588,0.823021582733813,0.012252591894439209,5240,65,123,572
4,0.906,0.9688333333333333,0.89937106918239,0.823021582733813,0.859504132231405,0.823021582733813,0.012064090480678606,5241,64,123,572
4,0.907,0.9688333333333333,0.9006309148264984,0.8215827338129497,0.8592927012791572,0.8215827338129497,0.011875589066918001,5242,63,124,571
4,0.908,0.969,0.9020537124802528,0.8215827338129497,0.8599397590361446,0.8215827338129497,0.011687087653157398,5243,62,124,571
4,0.909,0.9688333333333333,0.9031746031746032,0.818705035971223,0.8588679245283019,0.818705035971223,0.011498586239396796,5244,61,126,569
4,0.91,0.9686666666666667,0.9043062200956937,0.8158273381294964,0.8577912254160364,0.8158273381294964,0.011310084825636193,5245,60,128,567
4,0.911,0.9686666666666667,0.9056,0.814388489208633,0.8575757575757575,0.814388489208633,0.011121583411875588,5246,59,129,566
4,0.912,0.9685,0.905448717948718,0.8129496402877698,0.8567096285064443,0.8129496402877698,0.011121583411875588,5246,59,130,565
4,0.913,0.9686666666666667,0.9082125603864735,0.8115107913669065,0.8571428571428571,0.8115107913669065,0.010744580584354383,5248,57,131,564
4,0.914,0.9686666666666667,0.9082125603864735,0.8115107913669065,0.8571428571428571,0.8115107913669065,0.010744580584354383,5248,57,131,564
4,0.915,0.9683333333333334,0.9079159935379645,0.8086330935251799,0.8554033485540334,0.8086330935251799,0.010744580584354383,5248,57,133,562
