threshold,seeds,accuracy_mean,accuracy_std,precision_mean,precision_std,recall_mean,recall_std,f1_mean,f1_std,tpr_mean,tpr_std,fpr_mean,fpr_std
0.855,5,0.9654666666666667,0.0003399346342395229,0.829337413093486,0.0026072030491999143,0.8837410071942446,0.000575539568345329,0.8556723051420256,0.0011388294494484971,0.8837410071942446,0.000575539568345329,0.023826578699340246,0.00045553424971138856
0.856,5,0.9657333333333333,0.0001699673171197408,0.8318492216744197,0.00188007643873263,0.882589928057554,0.0019517496354317498,0.8564648421477352,0.000600173530142082,0.882589928057554,0.0019517496354317498,0.023374175306314797,0.0003576562857871863
0.857,5,0.9659333333333333,0.00027080128015453497,0.8342978089165156,0.00244369950458619,0.8808633093525179,0.0016779717683008213,0.8569441152726116,0.0009106732149972227,0.8808633093525179,0.0016779717683008213,0.02292177191328935,0.000439657070299362
0.858,5,0.9659666666666666,0.00016329931618552722,0.8352485149606925,0.0013006302087982232,0.8797122302158273,0.0007048891346138707,0.8569030126589556,0.0005710908701568124,0.8797122302158273,0.0007048891346138707,0.02273327049952875,0.00022620169651272338
0.859,5,0.9660333333333334,6.666666666665932e-05,0.8358861653696934,8.97042003991988e-05,0.8794244604316548,0.0005755395683453292,0.8571027007688821,0.0003204085503872189,0.8794244604316548,0.0005755395683453292,0.022620169651272386,0.0
0.86,5,0.9660333333333332,6.666666666665932e-05,0.836254585958577,0.0005110692122866757,0.8788489208633095,0.000575539568345329,0.8570225844327792,0.00027200643063922245,0.8788489208633095,0.000575539568345329,0.022544769085768145,9.234645590134487e-05
0.861,5,0.9662,0.00012472191289249844,0.837587756504387,0.001095177426904974,0.8785611510791368,0.0007048891346138706,0.857584523580879,0.00042854982243580904,0.8785611510791368,0.0007048891346138706,0.022318567389255417,0.00019223447742102974
0.862,5,0.9663999999999999,0.00016996731711977126,0.8393430591753109,0.0014577621305366156,0.8779856115107914,0.000575539568345329,0.858228442840631,0.0005638363336826997,0.8779856115107914,0.000575539568345329,0.022016965127238452,0.0002500753847581834
0.863,5,0.9665666666666667,0.00024944382578493757,0.840876920087036,0.0019622792179858203,0.877410071942446,0.000575539568345329,0.858753424818081,0.0008646985626909743,0.877410071942446,0.000575539568345329,0.02175306314797361,0.000328663445318806
0.864,5,0.9667333333333333,0.00013333333333331865,0.8426029902509274,0.0012741126773761497,0.876546762589928,0.000575539568345329,0.8592387921604574,0.0004166745140404893,0.876546762589928,0.000575539568345329,0.021451460885956643,0.00021982853514968098
0.865,5,0.9669666666666666,0.0002867441755680973,0.8444307740174211,0.002019353683867997,0.8762589928057555,1.1102230246251565e-16,0.8600492866944167,0.0010461226436992584,0.8762589928057555,1.1102230246251565e-16,0.021149858623939678,0.00032431009489321933
0.866,5,0.9673,0.00028674417556810245,0.8467790347531171,0.0020237567621087535,0.8762589928057555,1.1102230246251565e-16,0.8612655931351441,0.0010472824390689694,0.8762589928057555,1.1102230246251565e-16,0.020772855796418473,0.00032431009489321944
0.867,5,0.9676,0.00034318767136623437,0.8492985683290435,0.0027293175243011183,0.87568345323741,0.0007048891346138707,0.8622861065164237,0.0012058921274209985,0.87568345323741,0.0007048891346138707,0.020358152686145145,0.0004460757612139204
0.868,5,0.9679,0.00037416573867739646,0.851833669518992,0.0030476035101566195,0.8751079136690647,0.000575539568345329,0.8633100935595529,0.001295764831023523,0.8751079136690647,0.000575539568345329,0.019943449575871817,0.0004973008843835223
0.869,5,0.9680666666666667,0.00013333333333331865,0.8532167113786502,0.001331405694974499,0.8748201438848922,0.000910007959760658,0.8638820997988642,0.0004563727723843623,0.8748201438848922,0.000910007959760658,0.019717247879359096,0.00022620169651272335
0.87,5,0.9680333333333333,0.00012472191289245098,0.8539675156455571,0.000498317650630663,0.8733812949640287,0.000910007959760658,0.8635650697316894,0.0005673308038637826,0.8733812949640287,0.000910007959760658,0.019566446748350612,7.540056550424112e-05
0.871,5,0.968,0.00010540925533893437,0.85412615707495,0.000505941516792751,0.8728057553956836,0.001151079136690619,0.863364349178843,0.0005200252231425991,0.8728057553956836,0.001151079136690619,0.019528746465598493,9.234645590134487e-05
0.872,5,0.968,0.00010540925533893437,0.8549274716541675,0.0010715729472532795,0.8716546762589928,0.001076735938639993,0.8632089115780783,0.000415673163378506,0.8716546762589928,0.001076735938639993,0.01937794533459001,0.00018469291180269102
0.873,5,0.9682333333333333,0.00020000000000002977,0.8572280902925028,0.0017231353986610833,0.8707913669064749,0.000575539568345329,0.86395511521229,0.0006974870581320296,0.8707913669064749,0.000575539568345329,0.019000942507068803,0.00027703936770403625
0.874,5,0.9684666666666667,0.0001943650631615229,0.8591332834746849,0.001421915349094105,0.8705035971223023,1.1102230246251565e-16,0.8647804747703784,0.0007205503261768567,0.8705035971223023,1.1102230246251565e-16,0.018699340245051838,0.00021982853514968098
0.875,5,0.9686,0.00016996731711974077,0.8601098538563544,0.0012465178206672858,0.8705035971223023,1.1102230246251565e-16,0.8652750596282133,0.0006308901569441159,0.8705035971223023,1.1102230246251565e-16,0.018548539114043354,0.00019223447742102822
0.876,5,0.9687666666666667,0.00013333333333331865,0.8613336894586894,0.0009793447293447333,0.8705035971223023,1.1102230246251565e-16,0.8658940863271292,0.0004952919126710587,0.8705035971223023,1.1102230246251565e-16,0.01836003770028275,0.00015080113100848224
0.877,5,0.9688666666666667,0.00016329931618552722,0.8620706478601216,0.0012050156150047596,0.8705035971223023,1.1102230246251565e-16,0.8662661767860493,0.0006080193829068121,0.8705035971223023,1.1102230246251565e-16,0.018246936852026392,0.00018469291180268975
0.878,5,0.9692666666666666,0.0002708012801545459,0.8650318328120189,0.0020087790449761157,0.8705035971223023,1.1102230246251565e-16,0.8677579192306645,0.0010109360246071551,0.8705035971223023,1.1102230246251565e-16,0.017794533459000943,0.00030627854494386314
0.879,5,0.9695,0.0003333333333333299,0.8676155024240135,0.002818179783177015,0.8693525179856115,0.000575539568345329,0.8684799983862892,0.0011924596317279036,0.8693525179856115,0.000575539568345329,0.017379830348727615,0.0004364123243276244
0.88,5,0.9697333333333333,0.0003091206165165301,0.8706485542283066,0.003164015709917573,0.8676258992805754,0.001576180021597615,0.8691286927452356,0.001050636231467319,0.8676258992805754,0.001576180021597615,0.016889726672950044,0.0005001507695163658
0.881,5,0.9700333333333333,0.0002867441755680792,0.8735662883494741,0.003154450312918474,0.8667625899280574,0.0014673437449188003,0.8701452010508014,0.0009232393437315864,0.8667625899280574,0.0014673437449188003,0.016437323279924598,0.000497300884383521
0.882,5,0.9703666666666667,0.0002211083193570391,0.8774212387305156,0.0027252829952406576,0.8650359712230216,0.0016779717683008215,0.8711793355707671,0.0007089842630315384,0.8650359712230216,0.0016779717683008215,0.01583411875589067,0.0004298493591325688
0.883,5,0.9705666666666666,0.00027080128015453497,0.8803030653097611,0.0034398929737868475,0.8633093525179856,0.0022290551632848645,0.8717147301581398,0.0008737811110964479,0.8633093525179856,0.0022290551632848645,0.01538171536286522,0.0005411008518155449
0.884,5,0.9707333333333332,8.164965809276361e-05,0.8824782955353078,0.0013582758657991953,0.862158273381295,0.0014097782692277143,0.8721978761764927,0.0003335141020333486,0.862158273381295,0.0014097782692277143,0.015042412818096134,0.00021982853514968163
0.885,5,0.9707000000000001,0.00012472191289245098,0.8831172275009657,0.0004858876220605698,0.8610071942446043,0.001151079136690608,0.8719215743024037,0.0006098840057348249,0.8610071942446043,0.001151079136690608,0.014929311969839773,7.540056550424112e-05
0.886,5,0.9705666666666666,0.0001699673171197408,0.8832049386379073,0.00017601962395557335,0.8595683453237409,0.0014673437449187656,0.8712258598275551,0.0008392130071553732,0.8595683453237409,0.0014673437449187656,0.014891611687087653,0.0
0.887,5,0.9702666666666666,0.00022607766610419655,0.882893093782878,0.00023512169736248468,0.8569784172661871,0.0019517496354317498,0.86974188279183,0.0011185897102314914,0.8569784172661871,0.0019517496354317498,0.014891611687087653,0.0
0.888,5,0.9700666666666666,8.164965809276361e-05,0.8831407579290544,0.0005787386392163679,0.8546762589928057,0.000910007959760693,0.8686748926184092,0.00040043420113625985,0.8546762589928057,0.000910007959760693,0.014816211121583411,9.234645590134489e-05
0.889,5,0.9700666666666666,8.164965809276362e-05,0.8842848068863309,0.0009276188151184018,0.8532374100719423,0.001286945598561042,0.8684824460905329,0.00041931506202777904,0.8532374100719423,0.001286945598561042,0.014627709707822808,0.00015080113100848224
0.89,5,0.9698333333333334,0.00010540925533893437,0.8845039681774918,0.0010566802650612487,0.8506474820143886,0.002114667403841576,0.8672425952782616,0.0006636524583974016,0.8506474820143886,0.002114667403841576,0.014552309142318568,0.00018469291180269018
0.891,5,0.9697333333333334,0.00013333333333331865,0.8855533921364183,0.0008025562567218439,0.8483453237410072,0.0019517496354317103,0.8665480988292062,0.0007538916144044146,0.8483453237410072,0.0019517496354317103,0.014363807728557965,0.00014106154144293885
0.892,5,0.9696,0.00013333333333331865,0.886112395973236,0.0009300402578373653,0.8463309352517985,0.0016779717683008213,0.8657632753281259,0.0006957726502414964,0.8463309352517985,0.0016779717683008213,0.014250706880301603,0.00015080113100848287
0.893,5,0.9695,0.00010540925533893437,0.8864741367658764,0.00038568110719756655,0.8448920863309353,0.0014097782692277414,0.8651828706518639,0.0005931897964617522,0.8448920863309353,0.0014097782692277414,0.014175306314797362,7.540056550424112e-05
0.894,5,0.9694666666666667,6.666666666665932e-05,0.8873757728940985,0.0006184446510657287,0.8434532374100719,0.000575539568345329,0.8648568864674046,0.00028565036012480273,0.8434532374100719,0.000575539568345329,0.01402450518378888,9.234645590134489e-05
0.895,5,0.9693666666666667,0.0001247219128924866,0.887744253759605,0.0006997287624673818,0.8420143884892086,0.0016779717683008215,0.8642733680528683,0.0006905932535867033,0.8420143884892086,0.0016779717683008215,0.013949104618284639,0.00011921876192906212
0.896,5,0.9692333333333334,0.00013333333333336307,0.888551367331855,0.00033628972653358956,0.8397122302158273,0.0017266187050359871,0.8634404472838216,0.0007521010813364981,0.8397122302158273,0.0017266187050359871,0.013798303487276157,7.540056550424112e-05
0.897,5,0.9691333333333334,0.0001247219128924866,0.8891630525863394,0.0013265365316558325,0.8379856115107913,0.0007048891346138707,0.8628151033893939,0.0004556947204205459,0.8379856115107913,0.0007048891346138707,0.013685202639019792,0.00019223447742102898
0.898,5,0.9690333333333333,0.000163299316185568,0.8902533177628194,0.0009935633157577835,0.8356834532374101,0.0016779717683007755,0.8621041662820497,0.0008188999461852052,0.8356834532374101,0.0016779717683007755,0.01349670122525919,0.00015080113100848287
0.899,5,0.9687333333333333,0.00013333333333331865,0.8904284073900725,0.0004467689667875739,0.8325179856115108,0.0014673437449188005,0.8604990801002879,0.0007135164328067582,0.8325179856115108,0.0014673437449188005,0.013421300659754947,7.540056550424112e-05
0.9,5,0.9686333333333333,0.00012472191289245098,0.891533531388389,0.0003894210125198566,0.8302158273381295,0.0015761800215976147,0.8597817021128341,0.0007039336215462627,0.8302158273381295,0.0015761800215976147,0.013232799245994345,7.540056550424112e-05
0.901,5,0.9685666666666666,8.164965809276362e-05,0.8919508405292881,0.0005401166865654253,0.8290647482014389,0.0005755395683453292,0.8593586563626122,0.0003712205443034798,0.8290647482014389,0.0005755395683453292,0.013157398680490104,7.540056550424112e-05
0.902,5,0.9686999999999999,0.0001943650631614886,0.8933059284737765,0.001972518906239263,0.8287769784172662,0.000910007959760693,0.8598305126889046,0.0007240790745321127,0.8287769784172662,0.000910007959760693,0.012968897266729501,0.0002770393677040355
0.903,5,0.9687999999999999,0.00016329931618552722,0.8953658013750602,0.0019540140775530786,0.8273381294964028,0.000910007959760693,0.8600066397935141,0.0005532553976286504,0.8273381294964028,0.000910007959760693,0.012667295004712536,0.0002770393677040353
0.904,5,0.9688333333333332,0.00010540925533893437,0.8971287775631733,0.001742576400348978,0.8256115107913669,0.0010767359386399456,0.8598834510265501,0.0002873038958669467,0.8256115107913669,0.0010767359386399456,0.012403393025447691,0.00025007538475818234
0.905,5,0.9688000000000001,6.666666666665932e-05,0.8985894782441278,0.0010167949724216444,0.8235971223021583,0.0011510791366906136,0.8594592698372064,0.00034162056578875076,0.8235971223021583,0.0011510791366906136,0.012177191328934968,0.00015080113100848224
0.906,5,0.9689333333333332,8.164965809276361e-05,0.8997191003529554,0.0009591602764573726,0.8235971223021583,0.0011510791366906136,0.8599757462969876,0.0004143982788086086,0.8235971223021583,0.0011510791366906136,0.012026390197926484,0.00014106154144293885
0.907,5,0.9689333333333332,8.164965809276361e-05,0.9012326242899293,0.001081665303654901,0.8218705035971224,0.0005755395683453292,0.8597232221237994,0.00027350074290384937,0.8218705035971224,0.0005755395683453292,0.01180018850141376,0.00015080113100848287
0.908,5,0.969,0.00010540925533893437,0.9028214445467349,0.0013028574952040656,0.8207194244604317,0.0017266187050359871,0.8598124935661107,0.0005850132808781869,0.8207194244604317,0.0017266187050359871,0.011573986804901038,0.00019223447742102822
0.909,5,0.9687999999999999,0.00012472191289245098,0.9036598709144716,0.0009261458136162329,0.817841726618705,0.002153471877279986,0.8586089414673612,0.0007971886777603846,0.817841726618705,0.002153471877279986,0.011423185673892555,0.00015080113100848224
0.91,5,0.9686666666666668,1.1102230246251565e-16,0.9043078656027262,0.0008156589723812859,0.8158273381294963,0.000910007959760693,0.8577910952239878,0.00013606806928373498,0.8158273381294963,0.000910007959760693,0.011310084825636193,0.00011921876192906267
0.911,5,0.9686,8.164965809276362e-05,0.9050229919973868,0.001079965525121675,0.814388489208633,0.000910007959760658,0.8573159516753147,0.0003464352233796513,0.814388489208633,0.000910007959760658,0.011196983977379829,0.00015080113100848292
0.912,5,0.9686,8.164965809276362e-05,0.9060636606113942,0.0013539301779946866,0.8132374100719426,0.0014097782692277007,0.8571425950767237,0.00041054796757814563,0.8132374100719426,0.0014097782692277007,0.011046182846371346,0.0001922344774210287
0.913,5,0.9686333333333333,6.666666666665932e-05,0.9076597918989224,0.0011055369751022059,0.8117985611510792,0.000575539568345329,0.8570562114155745,0.00017329145456512762,0.8117985611510792,0.000575539568345329,0.010819981149858623,0.00015080113100848224
0.914,5,0.9686333333333333,6.666666666665932e-05,0.9081829515349853,5.9217702976477335e-05,0.8112230215827338,0.000575539568345329,0.8569690385659967,0.00034763715372077014,0.8112230215827338,0.000575539568345329,0.010744580584354383,0.0
0.915,5,0.9684000000000001,0.00013333333333331865,0.9085042093304059,0.0006090459692002373,0.80863309352518,0.001576180021597615,0.8556630815818922,0.0007464255321577511,0.80863309352518,0.001576180021597615,0.01066918001885014,9.234645590134489e-05
