class,digits_count,more_digits_count,mean_image_rmse,mean_image_mean_absolute_difference
0,1480,1776,0.005026956361611581,0.0028730214113838254
1,1685,2022,0.003951850587410733,0.001889677735939621
2,1489,1787,0.006888207114912314,0.004178975201871798
3,1532,1839,0.006274146549685523,0.003476388623381526
4,1460,1752,0.007836497342916008,0.004395390596487706
5,271,542,0.01569478326339541,0.008904373611079456
6,1479,1775,0.008086753889356929,0.004375261162943081
7,1566,1879,0.006342747721527772,0.003640519742640947
8,0,585,,
9,1487,1784,0.005956460724533167,0.0029353429883373287
