phase,case,optimizer,learning_rate,batch_size,max_epochs,model_seed,shuffle_seed,status,error,seconds,final_learning_rate,final_mse,minimum_mse,minimum_epoch,plateau_epoch_1pct,tail_range_last_20pct
learning_rate,eta=0.0001,gradient_descent,0.0001,32,500,0,0,ok,,2.128957792,0.0001,0.03739897872072908,0.03739897872072908,500,497,0.011642876499207588
learning_rate,eta=0.001,gradient_descent,0.001,32,500,0,0,ok,,2.0002572090000004,0.001,0.010945113325573125,0.010945113325573125,500,402,0.00011139579014913387
learning_rate,eta=0.01,gradient_descent,0.01,32,500,0,0,ok,,1.9568467920000003,0.01,0.01086793256314297,0.01086791880886495,418,47,1.1275157155155036e-07
learning_rate,eta=0.1,gradient_descent,0.1,32,500,0,0,ok,,1.9994767079999995,0.1,0.010877837694928163,0.010868787080430447,24,5,2.7590659237764284e-05
optimizer_screen,gradient_descent eta=0.001,gradient_descent,0.001,32,300,0,0,ok,,1.1765883749999997,0.001,0.011357726589212393,0.011357726589212393,300,280,0.00042453532836818526
optimizer_screen,gradient_descent eta=0.01,gradient_descent,0.01,32,300,0,0,ok,,1.1771333330000004,0.01,0.010867975314487504,0.010867920761839959,275,47,9.496009909654157e-08
optimizer_screen,gradient_descent eta=0.1,gradient_descent,0.1,32,300,0,0,ok,,1.1747292079999987,0.1,0.010879641838512095,0.010868787080430447,24,5,2.867360194118082e-05
optimizer_screen,momentum eta=0.001,momentum,0.001,32,300,0,0,ok,,1.3241840419999988,0.001,0.01086793863274739,0.010867918690444643,205,46,7.974901426559267e-08
optimizer_screen,momentum eta=0.01,momentum,0.01,32,300,0,0,ok,,1.332054874999999,0.01,0.010876272924371341,0.010868805712148875,173,5,2.3637606151668752e-05
optimizer_screen,momentum eta=0.1,momentum,0.1,32,300,0,0,ok,,1.3219206670000023,0.1,0.011042040410808635,0.010904626362912416,283,,0.00040352315470099966
optimizer_screen,adaptive eta=0.001,adaptive,0.001,32,300,0,0,ok,,1.1804750420000012,0.0039999999999999975,0.010878566873291952,0.010878566873291952,300,220,5.6444472244985416e-05
optimizer_screen,adaptive eta=0.01,adaptive,0.01,32,300,0,0,ok,,1.1715997079999987,0.011099999999999994,0.010867990644768732,0.010867921638929053,181,46,1.21428692425804e-07
optimizer_screen,adaptive eta=0.1,adaptive,0.1,32,300,0,0,ok,,1.1579153330000018,0.1,0.010879641838512095,0.010868787080430447,24,5,2.867360194118082e-05
optimizer_screen,rmsprop eta=0.0001,rmsprop,0.0001,32,300,0,0,ok,,1.5039152079999987,0.0001,0.010868167689503445,0.010867953945595933,145,52,5.629619815785553e-07
optimizer_screen,rmsprop eta=0.001,rmsprop,0.001,32,300,0,0,ok,,1.5052329170000007,0.001,0.010888155710497944,0.010869758567796069,24,6,4.3688426418737186e-05
optimizer_screen,rmsprop eta=0.01,rmsprop,0.01,32,300,0,0,ok,,1.4997378329999975,0.01,0.011627021668730374,0.01091974576690727,163,,0.000887977500832202
optimizer_screen,adam eta=0.0001,adam,0.0001,32,300,0,0,ok,,1.779490415999998,0.0001,0.010867976262534319,0.010867925340206926,181,63,1.824812278696658e-07
optimizer_screen,adam eta=0.001,adam,0.001,32,300,0,0,ok,,1.784486459,0.001,0.010881433252556161,0.010869938200183624,230,12,4.126735580760495e-05
optimizer_screen,adam eta=0.01,adam,0.01,32,300,0,0,ok,,1.7662380409999976,0.01,0.011056516660418776,0.010920192001433546,93,,0.000741955130297978
optimizer_best,gradient_descent eta=0.01,gradient_descent,0.01,32,500,0,0,ok,,1.9529046249999986,0.01,0.01086793256314297,0.01086791880886495,418,47,1.1275157155155036e-07
optimizer_best,momentum eta=0.001,momentum,0.001,32,500,0,0,ok,,2.198390875000001,0.001,0.010867948165350376,0.010867918690444643,205,46,9.768614816531296e-08
optimizer_best,adaptive eta=0.01,adaptive,0.01,32,500,0,0,ok,,1.943919667000003,0.011099999999999994,0.010867938317556843,0.010867920357419064,418,46,1.403818845231719e-07
optimizer_best,rmsprop eta=0.0001,rmsprop,0.0001,32,500,0,0,ok,,2.504304167000001,0.0001,0.010868061909286741,0.010867953945595933,145,52,3.694984908476223e-07
optimizer_best,adam eta=0.0001,adam,0.0001,32,500,0,0,ok,,2.9232524580000003,0.0001,0.01086796812423247,0.010867925340206926,181,63,1.261516943823482e-07
batch,batch=1,gradient_descent,0.01,1,300,0,0,ok,,33.584041166,0.01,0.010917424423014221,0.010874133382702433,24,259,0.0001536850195381599
batch,batch=8,gradient_descent,0.01,8,300,0,0,ok,,4.281436666000005,0.01,0.01086888920417731,0.010868071242374783,204,12,3.1839357899198645e-06
batch,batch=32,gradient_descent,0.01,32,300,0,0,ok,,1.1784311669999994,0.01,0.010867975314487504,0.010867920761839959,275,47,9.496009909654157e-08
batch,batch=128,gradient_descent,0.01,128,300,0,0,ok,,0.48765279199999156,0.01,0.010877099709766852,0.010877099709766852,300,180,2.2800941041678513e-05
batch,batch=512,gradient_descent,0.01,512,300,0,0,ok,,0.21531345799999713,0.01,0.01245903910118105,0.01245903910118105,300,291,0.001016895738873232
batch,batch=full,gradient_descent,0.01,full,300,0,0,ok,,0.12542187499998647,0.01,0.14869360136293766,0.14869360136293766,300,297,0.027225204586492774
batch_extended,batch=128 (1000 épocas),gradient_descent,0.01,128,1000,0,0,ok,,1.616588458999999,0.01,0.010867919125866687,0.01086791478284021,835,184,6.8643121100414595e-09
batch_extended,batch=512 (2000 épocas),gradient_descent,0.01,512,2000,0,0,ok,,1.4244529999999997,0.01,0.010868052565004187,0.010868052565004187,2000,722,8.872345077567262e-07
batch_extended,batch=full (10000 épocas),gradient_descent,0.01,full,10000,0,0,ok,,3.913036707999993,0.01,0.011017237671327272,0.011017237671327272,10000,8591,0.00018017528448230694
seed,semilla=0,gradient_descent,0.01,32,500,0,0,ok,,1.9326124170000014,0.01,0.01086793256314297,0.01086791880886495,418,47,1.1275157155155036e-07
seed,semilla=1,gradient_descent,0.01,32,500,1,1,ok,,1.9445305839999918,0.01,0.010867938734361439,0.010867916474582408,475,33,7.380248214471086e-08
seed,semilla=2,gradient_descent,0.01,32,500,2,2,ok,,1.9241291669999896,0.01,0.010867924284633906,0.0108679194224222,249,45,1.724323955339807e-07
seed,semilla=3,gradient_descent,0.01,32,500,3,3,ok,,1.9359048750000056,0.01,0.010867936356466521,0.010867917206305585,399,46,1.3349859543168585e-07
seed,semilla=4,gradient_descent,0.01,32,500,4,4,ok,,1.9428033330000005,0.01,0.010867935935659646,0.010867919392166657,206,42,1.2471993655893687e-07
epochs,GD eta=0.01 batch=32,gradient_descent,0.01,32,1000,0,0,ok,,3.9012375840000004,0.01,0.01086795645794,0.010867917655350706,774,47,9.148080296235428e-08
