epoch,mse,validation_mse,accuracy,converged,training_accuracy,training_macro_precision_present,training_macro_recall_present,training_macro_f1_present,validation_accuracy,validation_macro_precision_present,validation_macro_recall_present,validation_macro_f1_present
0,0.3729892751175626,0.37276621173254126,,False,0.1352545436288784,0.10688998377304279,0.12326955111673679,0.09137422031078449,0.13413654618473897,0.0931785788430443,0.12289726605807674,0.09068019551158317
1,0.031434031018123504,0.03295806396355622,,False,0.7795963450145597,0.7231020697918011,0.7057501876196925,0.6573991957658175,0.7726907630522089,0.6152981841893485,0.6989040507035901,0.6508272489377929
2,0.023448598086089137,0.02495218682070428,,False,0.8658499849382468,0.81665976253513,0.786541590955967,0.7738832740288424,0.8542168674698796,0.8752692620527505,0.7762745088460882,0.7642563088759823
3,0.01476302041917197,0.017055922418607143,,False,0.9128426548850286,0.8868732310597114,0.8482113291190968,0.854546220330484,0.8983935742971888,0.8717354989953354,0.8303831237108767,0.8348117532003684
4,0.012032467744554878,0.01506136814768034,,False,0.9277035846972588,0.914888475017438,0.8715095438024631,0.881194550971949,0.9100401606425703,0.8844896368133637,0.8466538342078126,0.8528526033349789
5,0.010100038745430463,0.01322958372130457,,False,0.9398533989356361,0.9308034513052272,0.8898024297828625,0.9009561108358022,0.9184738955823293,0.8981473339790035,0.8644288846744641,0.8732126282311072
6,0.010080739693029852,0.013298222606837442,,False,0.9405562807510794,0.9194085605340151,0.9011205046176671,0.9080620822044866,0.9192771084337349,0.8934219732952388,0.881867155923424,0.8864957455274683
7,0.009068216630951214,0.012968071957909005,,False,0.9471834521538307,0.9298642019669319,0.9099786168088895,0.9172504267656316,0.9192771084337349,0.9035633771300104,0.8803736990479099,0.8881597547238073
8,0.008152118272477738,0.012225465863873276,,False,0.9510995079827292,0.9363560496794592,0.9144459988455887,0.9225723549449911,0.9236947791164659,0.9121507810710846,0.8880013302438867,0.8965408686055252
9,0.009775710107049857,0.013784982176533438,,False,0.9390501054322723,0.9254427388463904,0.9099579947201466,0.9147622591245292,0.9116465863453815,0.8955428639362698,0.8782874656258732,0.8831465247086353
10,0.00729152824231591,0.011402084995005403,,False,0.9563209157545939,0.9521849494143085,0.9216701651331713,0.9327059656580743,0.9265060240963855,0.9139339059828211,0.8885475532100794,0.8977244062550584
11,0.0067792031715005,0.011240257229056817,,False,0.9608394417110152,0.954606132177567,0.9330688134886825,0.9416889385423877,0.9325301204819277,0.9197091923264047,0.89603498516217,0.9046445418145971
12,0.006332224579588663,0.011466306920732023,,False,0.9636509689727885,0.9449481211934209,0.9448276794808906,0.9447699054643883,0.9289156626506024,0.9066604503954545,0.9010185573520642,0.9034133112357073
13,0.005887576683106005,0.01094554603921204,,False,0.9649563209157546,0.9591482432738212,0.9414281732365405,0.9489126209190797,0.9305220883534137,0.9180092266718106,0.8941242398535686,0.9029586178485128
14,0.005454929069154072,0.010793832722341412,,False,0.9687719650567326,0.9577928387401147,0.9533661519319386,0.9554649901585476,0.9309236947791165,0.9137225534136115,0.9028245099391169,0.9074944729096145
15,0.0058155622227572985,0.011030454548914855,,False,0.9662616728587208,0.9569052874071416,0.9513478200120993,0.9539217177214636,0.9309236947791165,0.911114891610044,0.8994226064519696,0.9044212437411036
16,0.00515247799565539,0.010845927348269504,,False,0.971181845566824,0.9629931154518796,0.9563789747694701,0.9594803523484532,0.9317269076305221,0.9173370533800487,0.9018569181979021,0.9082325250064441
17,0.004998715291203749,0.010706939650000422,,False,0.9715834923185058,0.962171161965411,0.9596968873558109,0.9608800625169283,0.9345381526104418,0.9193964771322081,0.9078660417637229,0.9127701566765596
18,0.005351068744667867,0.011590215142822421,,False,0.9689727884325735,0.9621698188133033,0.9560130506371642,0.9587608499562958,0.9285140562248996,0.9143125027877888,0.895592930001355,0.9024966431701225
19,0.004377323988729017,0.010786131186850652,,False,0.9740937845165177,0.9676380095439586,0.962446355277589,0.9648884606509213,0.9313253012048193,0.9148145049395653,0.8998614922945182,0.9058525139662097
20,0.0044529144317862505,0.011040440229828091,,False,0.9740937845165177,0.9680489353686905,0.9624197753606514,0.9650446606414533,0.9325301204819277,0.9189287551232118,0.9043220649108117,0.9101519181768138
21,0.003988303343325853,0.010524110172390917,,False,0.9759011948990862,0.9697149621776935,0.9645289317649,0.9670008798910144,0.9349397590361446,0.9237974275848883,0.9049125470636759,0.9124970460855122
22,0.003933360352764788,0.010773563242929907,,False,0.97670448840245,0.9682200973422999,0.9660946084667261,0.9671197736121133,0.9357429718875502,0.9218899200791107,0.9089893329682199,0.9144616572202158
23,0.003807412308747525,0.011073481696689196,,False,0.9778090169695752,0.9704553008791201,0.9679492022400287,0.9691423808585241,0.9313253012048193,0.9200104649809107,0.9049595654315191,0.9110548292896112
24,0.0036553299007516535,0.010728402639408717,,False,0.9782106637212572,0.973991736833061,0.9666477885656115,0.9701036975995838,0.9349397590361446,0.9214328345586309,0.9031462170793882,0.9104759957749824
25,0.0034038395143703042,0.010707590143444754,,False,0.9800180741038257,0.9717313678583636,0.9695198395037051,0.9705974369084552,0.936144578313253,0.9237492551755727,0.9076573334266753,0.9142462102351172
26,0.003592475724695589,0.010894441147144282,,False,0.97881313384878,0.9695368419868353,0.9688805730211466,0.9691921904381304,0.9349397590361446,0.91817946261646,0.908224963878202,0.9124646754115207
27,0.0032196616274463444,0.010924028683001704,,False,0.9810221909830305,0.9746825864061012,0.9708665645718724,0.9727102723740637,0.934136546184739,0.9237467472396025,0.9058195182496177,0.9130558153439863
28,0.003220628081357239,0.010947754168990834,,False,0.9803193091675871,0.9735055053088622,0.9698591724306085,0.9716198027949525,0.9349397590361446,0.9244623772486216,0.9066345052407075,0.91380106319371
29,0.003155459396320198,0.010770193790673913,,False,0.9805201325434281,0.9737802707064195,0.9700137124178075,0.9718327115395533,0.9377510040160643,0.925224263355482,0.9091379064294052,0.9157457063514776
30,0.003431423428422321,0.01142888060618556,,False,0.9793151922883824,0.9738723102281153,0.9692756932902932,0.9714290562493149,0.9329317269076305,0.9184511383689036,0.9063658108261726,0.9111097048736571
31,0.0032896525981552177,0.010978958580814309,,False,0.9803193091675871,0.9777721573568107,0.9693537086898389,0.97328373672998,0.9365461847389558,0.92483708645791,0.9046951763695881,0.9126825803164326
32,0.0029076594513976713,0.010847448004484315,,False,0.9817250727984738,0.9768769064275341,0.9711135222150042,0.9738620516551675,0.9385542168674699,0.927187865415175,0.9082878973208336,0.9158947485471912
33,0.002819504895310828,0.010830508978758565,,False,0.9818254844863942,0.9757951576505403,0.9716202484961006,0.9736282384709989,0.936144578313253,0.9250441040007347,0.9059858397151661,0.9136153827814907
34,0.002756267896833168,0.010859142500024139,,False,0.9829300130535195,0.9805779036344862,0.9722058539196079,0.9761177849231333,0.9385542168674699,0.9239536544755721,0.9099764702885405,0.9157913011082763
35,0.002773599458054735,0.010753219550022416,,False,0.9829300130535195,0.9793451716749855,0.973031935659916,0.9760319132073467,0.9389558232931727,0.9266052828327678,0.9118256942324027,0.9180086855491351
36,0.002584530501049105,0.010981757539400455,,False,0.9833316598052013,0.9814211685400787,0.972590411093156,0.9767116583879152,0.9385542168674699,0.9272207830085585,0.9081718011406436,0.9157934409701964
37,0.0026037951423843147,0.010890299263940802,,False,0.9834320714931218,0.9815287719363914,0.9726710790391009,0.9768062092340328,0.9381526104417671,0.9267679612000518,0.9078989523288166,0.9154907461116287
38,0.002515732472421427,0.010851093768073881,,False,0.9835324831810422,0.9798520011437595,0.9731720422811782,0.976338652536354,0.9365461847389558,0.921644841034232,0.9063458752730708,0.9126868108892486
39,0.0025169612821168115,0.01106615953578777,,False,0.9838337182448037,0.9819363818614834,0.9734573520121541,0.9774261205585992,0.9385542168674699,0.9272864371436478,0.9081206900485542,0.9157448561393176
40,0.002379155193179544,0.011012838394962872,,False,0.9843357766844061,0.981065992960482,0.9743225342368071,0.9775195915736684,0.9381526104417671,0.9232394812241558,0.9078546183667537,0.9141612221553166
41,0.002546224073497978,0.011078342833012605,,False,0.9843357766844061,0.983299375315491,0.9747441322462294,0.9787486292284182,0.9365461847389558,0.9274179200233476,0.9064603494356667,0.9147656584654812
42,0.0023150201314830155,0.01094666311955549,,False,0.9843357766844061,0.9819298123055403,0.9747503032753908,0.9781437910984803,0.9401606425702811,0.9287215185955547,0.9097020675992916,0.9173177244141694
43,0.00229233398219101,0.01102887662467301,,False,0.9843357766844061,0.9810850260757148,0.9751690437607602,0.977989799716746,0.9397590361445783,0.9283020463441934,0.9093026666173104,0.9169245240873354
44,0.0023054462756592546,0.011256883717776429,,False,0.9846370117481675,0.9813954277179635,0.9758648819731385,0.9785108694316188,0.9365461847389558,0.9224418831657091,0.9080488524089007,0.9140233940266336
45,0.0022753937533240517,0.011171155311193726,,False,0.9847374234360879,0.9823121854062422,0.9759520032287049,0.9789744507208922,0.9377510040160643,0.9250492858747479,0.9092115281781342,0.9157173513730181
46,0.0022263674194202164,0.011340268766145384,,False,0.9848378351240085,0.9828642250771886,0.9760452955134329,0.9792741603933229,0.9373493975903614,0.9262495457004994,0.9070574573741494,0.9146742439265986
47,0.002305778190655728,0.011203076855405203,,False,0.9850386584998494,0.9844152246916431,0.9762274206582465,0.9800667822535105,0.9393574297188755,0.9269126405713988,0.9123535024357119,0.9184628094739072
48,0.0031491230239572734,0.01192764359664021,,False,0.9802188974796666,0.9791552597432687,0.9721691722774515,0.9753716679883642,0.9309236947791165,0.9196996237689423,0.9028498423464865,0.9094119789928623
49,0.0021954450077976144,0.011080004467587879,,False,0.9849382468119289,0.9821120475665835,0.9761322912822953,0.9789843973538994,0.9381526104417671,0.9263821817312975,0.9061932747752339,0.9141576820360018
50,0.002206276128633282,0.010995790803807127,,False,0.9850386584998494,0.983504488311772,0.9762255835670233,0.9796625784462935,0.9401606425702811,0.9290693196430324,0.911389433068825,0.9185959974409115
51,0.002253955274025618,0.011612562799157242,,False,0.9849382468119289,0.9829949834115879,0.9765422710946977,0.9796015381817327,0.9365461847389558,0.9267165215166234,0.9097020327650118,0.9165334792504599
52,0.002064694905033879,0.011165042734899003,,False,0.9852394818756903,0.9832537006477787,0.9768351352935354,0.9798823755834647,0.9389558232931727,0.9284245677065228,0.9119562742744299,0.9187579920431076
53,0.0020929219116797124,0.011239987328106788,,False,0.9857415403152927,0.982435918614207,0.9772951145381802,0.979758473101778,0.9369477911646586,0.9237331840074022,0.9117851144047088,0.9168263169079339
54,0.002021298727450489,0.011238887872801294,,False,0.9855407169394518,0.9826752541612015,0.9771042249001596,0.9797678193175412,0.9401606425702811,0.929553735328866,0.9130708582233047,0.9199124576970394
55,0.0020057048180121538,0.011258760676540271,,False,0.9856411286273722,0.9827571376308577,0.977199906765351,0.9798573543064725,0.9381526104417671,0.9278254057632537,0.9112913385254077,0.9181184596674036
56,0.0019960250062905187,0.011217659577165919,,False,0.9857415403152927,0.9828435023671273,0.9772932774469569,0.979948491182721,0.9369477911646586,0.9261808749950414,0.9084823486106315,0.9157150853526593
57,0.001980619825273959,0.01139014400550201,,False,0.9857415403152927,0.9824577293605687,0.9772932774469569,0.9797686997765285,0.9377510040160643,0.9276333794214584,0.9107901693724857,0.9176685760188517
58,0.001967313704888591,0.011279569491093459,,False,0.9858419520032132,0.982519481313785,0.9773889593121486,0.9798464657093666,0.9373493975903614,0.9276412360623836,0.9121796845340966,0.9186152892370979
59,0.0019354763762232383,0.011286623857420136,,False,0.9859423636911336,0.9839191329923024,0.9774805712994092,0.9805417469270389,0.9369477911646586,0.9262117660330982,0.9084727366767501,0.9156629160337982
60,0.0019560273865512367,0.011301907053315786,,False,0.9857415403152927,0.982823738219913,0.9772932774469569,0.9799385647003435,0.9369477911646586,0.9248489539318641,0.9102214432489707,0.9163649388782229
61,0.0019360225743169125,0.011480376026226157,,False,0.9858419520032132,0.9829305402160019,0.9773872006178033,0.9800353748972223,0.9345381526104418,0.9246532065171166,0.9079013075628869,0.9147202361178403
62,0.0019260886720148607,0.011433995945288386,,False,0.9858419520032132,0.9829321871664146,0.9773884068229083,0.9800363854093903,0.9365461847389558,0.9268437181772798,0.9114893079372458,0.9178942620667738
63,0.0018808924536279814,0.011242188741647237,,False,0.9859423636911336,0.9830509356976259,0.9774800188101689,0.9801445140188635,0.9373493975903614,0.9260638404362782,0.9071265173171845,0.9147192616539935
64,0.0019288177824952032,0.01153997404847745,,False,0.9860427753790542,0.9844283567672927,0.9775757006753606,0.9808212816676372,0.9357429718875502,0.924512515817738,0.9107706076614428,0.9164762332064387
65,0.001855160237069427,0.011239894927779923,,False,0.9861431870669746,0.9836598956063628,0.9776557377351871,0.9805173858952398,0.9369477911646586,0.9247862167567256,0.9101685876527361,0.9162978022930813
66,0.0019520259739620076,0.011562881941561267,,False,0.9863440104428155,0.9838336306274604,0.9778406481559487,0.980697981643044,0.934136546184739,0.9233858203965603,0.904162930069264,0.9117504724831674
67,0.001835820214990488,0.01123582442612946,,False,0.9863440104428155,0.9825392881249709,0.9778442377927443,0.9801023265916959,0.9381526104417671,0.9258128339119295,0.9112730536062847,0.9173962460101818
68,0.0018267459114317953,0.011275791735979217,,False,0.9863440104428155,0.9829585501598176,0.9778398113646389,0.9802968684544022,0.936144578313253,0.9235796908405762,0.9078018961544037,0.9143310493136689
69,0.0018259357903356018,0.011284242518115323,,False,0.986444422130736,0.9839617024875797,0.9779337345354853,0.9808058561457753,0.936144578313253,0.9236001529697471,0.9077263985263408,0.9142558800041102
70,0.0018071335280840063,0.011247749104496819,,False,0.9865448338186565,0.9835668768788829,0.9780288639114365,0.9806755658403087,0.9365461847389558,0.9239349103447885,0.908099503517991,0.9146282824120731
71,0.0017960127570728688,0.011283626378718783,,False,0.9865448338186565,0.9831293543590459,0.9780288639114365,0.9804729866856741,0.9369477911646586,0.9248971226880465,0.9101826466150855,0.9163114025579896
72,0.0017930079295265704,0.011163688314642987,,False,0.9865448338186565,0.9831485561413404,0.9780288639114365,0.9804811609732474,0.936144578313253,0.9234737185197235,0.9077540706713274,0.9142519531314854
73,0.001782237234861,0.011246467968786172,,False,0.986645245506577,0.983220832881497,0.9781100843466217,0.980560589326486,0.9357429718875502,0.9231529753220516,0.9073843862386914,0.9139015402552059
74,0.0017734016308258416,0.011221587434390912,,False,0.9865448338186565,0.9831648458716202,0.9780161611757754,0.980483862610505,0.9373493975903614,0.9246070479950583,0.9088221965600659,0.9153466519756331
75,0.0017667646074495938,0.011231239723096077,,False,0.986645245506577,0.9832406777862468,0.9781112905517266,0.9805694434998116,0.9369477911646586,0.924798745549423,0.9101494637429484,0.9162810494365421
76,0.0017618885703556588,0.011251096324155553,,False,0.986645245506577,0.9828066379912406,0.9781112905517266,0.9803674487200007,0.9345381526104418,0.9226369718843939,0.90797233032008,0.9140909104385694
77,0.001754475973419912,0.01114096631203357,,False,0.986645245506577,0.983273210053591,0.9781112905517266,0.9805842701438876,0.9381526104417671,0.9258788800648355,0.9112266348819469,0.9173728784213745
78,0.0017513264079796673,0.011181906410948635,,False,0.986645245506577,0.9832265237453055,0.9781112905517266,0.9805622199498776,0.9377510040160643,0.9259213730835296,0.9125913521559992,0.9182688973113352
79,0.001745720252224783,0.011250159004179363,,False,0.986645245506577,0.9845505898910746,0.9781068641236212,0.9811692536196625,0.936144578313253,0.9240708989290065,0.909422875497628,0.9155543565113354
80,0.0017391331577025569,0.01122953935139912,,False,0.9868460688824179,0.9830357550132925,0.9782959166704188,0.9805743700746223,0.9357429718875502,0.9237334776439629,0.9089839712884028,0.9151377225962499
81,0.00173387689325593,0.011202327980644322,,False,0.9867456571944975,0.9833336216258096,0.9782019934995725,0.9806618075177433,0.9373493975903614,0.9251082933803594,0.9105228083530795,0.9166674422711049
82,0.0017305896017348382,0.011212986507272744,,False,0.9868460688824179,0.9830150491759648,0.9782959166704188,0.9805648643823521,0.9381526104417671,0.9262820503124838,0.9129622292675575,0.9186565243742886
83,0.001722982310245376,0.011232991709198434,,False,0.9868460688824179,0.9834470496993869,0.9782959166704188,0.9807666515025295,0.9373493975903614,0.9256918768114554,0.9122159937455923,0.9179305184141374
84,0.0017172263478469492,0.011228456386234922,,False,0.9868460688824179,0.9838762012905404,0.9782959166704188,0.9809629574041799,0.9373493975903614,0.9255692699867394,0.9122063100365813,0.9179009600966259
85,0.0017131409120089865,0.011277707858192812,,False,0.9868460688824179,0.9843213317526741,0.9782959166704188,0.9811696991649472,0.9357429718875502,0.9237884056712312,0.9090003091169618,0.915119303409133
86,0.0017061586556299394,0.01122666363626606,,False,0.9868460688824179,0.9834283354860452,0.9782959166704188,0.9807561306483858,0.9381526104417671,0.9262799311583912,0.9129667275313746,0.9186358293478266
87,0.0016965349282848559,0.011279503518029099,,False,0.9868460688824179,0.983864567403448,0.9782959166704188,0.9809562719738154,0.9377510040160643,0.925991815270328,0.9125900967483306,0.9182837116272571
88,0.0017049658088871102,0.011402513418429764,,False,0.9868460688824179,0.9843408073623322,0.9782959166704188,0.9811767106497372,0.936144578313253,0.9247083029609809,0.9110355555197498,0.9167688741144251
89,0.001687561272635266,0.011183148174511826,,False,0.9869464805703384,0.9848526020548543,0.9783910460463701,0.9814620276039014,0.9377510040160643,0.9237485525719875,0.910898183728455,0.9163904084019973
90,0.001674658156179928,0.011206913871155607,,False,0.9869464805703384,0.9843786045555345,0.9783910460463701,0.9812455489382556,0.9377510040160643,0.9254750504653201,0.9109458663429455,0.9170512876558686
91,0.0016707406026638318,0.011310563232144192,,False,0.9870468922582588,0.9840354764925325,0.9784797221126998,0.9811336304654683,0.9373493975903614,0.9256382570871828,0.912217008721649,0.9178760011079942
92,0.0016688421975780696,0.011115032053585284,,False,0.9870468922582588,0.9836525111072406,0.9784797221126998,0.9809600415181525,0.9389558232931727,0.9269883369593876,0.913668317697666,0.9193710103379398
93,0.0016595858514169282,0.011169450061591096,,False,0.9870468922582588,0.9840507482298801,0.9784797221126998,0.9811387299157737,0.9389558232931727,0.9270148692861306,0.9136894290559336,0.9193653866999926
94,0.0016550598684273298,0.011257326801538499,,False,0.9870468922582588,0.9836266821098145,0.9784797221126998,0.9809470375262614,0.9373493975903614,0.9251376692912877,0.9104321340669542,0.916609009823306
95,0.0016494055690559081,0.011223679368288417,,False,0.9870468922582588,0.9836369350385016,0.9784797221126998,0.9809499344915079,0.9373493975903614,0.9256006617626694,0.9121347596602436,0.9178681457242236
96,0.0016551865608869494,0.011454434972330896,,False,0.9870468922582588,0.9836154787711135,0.9784797221126998,0.9809409075841964,0.9357429718875502,0.9221109841008551,0.9090206969169023,0.9145168103464927
97,0.0016430828239604007,0.01129525168000988,,False,0.9871473039461793,0.983730285124694,0.9785730143974278,0.9810479117702143,0.9373493975903614,0.925209895906206,0.910500564597622,0.9166553372910595
98,0.0016400693641968988,0.011383084346496061,,False,0.9871473039461793,0.9833014497299294,0.9785730143974278,0.9808447203248356,0.9357429718875502,0.9225255864529651,0.9106792005213751,0.9157489636984195
99,0.0016369178062976433,0.01128658935720477,,False,0.9872477156340999,0.9842694877179754,0.9786669375682739,0.9813469429472694,0.9373493975903614,0.923422636446971,0.9104286159449138,0.9159607124868765
100,0.0016351483332485185,0.01118336012035489,,False,0.9872477156340999,0.9842326101631903,0.9786669375682739,0.9813273759974044,0.9377510040160643,0.9241929332265314,0.9126172795476093,0.9176067927952588
101,0.0016143209196652207,0.0112211509566071,,False,0.9873481273220203,0.984808701714219,0.9791789703383714,0.9818706709673568,0.9389558232931727,0.9253701468821558,0.913606052753969,0.9186839719840015
102,0.001604975382320328,0.011205338840120408,,False,0.9873481273220203,0.9839449850952364,0.9791789703383714,0.9814720341646626,0.9377510040160643,0.9242658853987074,0.9125536531507333,0.9175894322265903
103,0.0015966512109851783,0.011347246559555187,,False,0.9873481273220203,0.9847929854185532,0.9791789703383714,0.981863485426154,0.9381526104417671,0.926332068079972,0.9129208267680321,0.9185993262215248
104,0.0015933624619648367,0.011342513442651163,,False,0.9873481273220203,0.9852402621141838,0.9791789703383714,0.9820694766923554,0.936144578313253,0.9217784288029773,0.9076607787112239,0.9135640191198744
105,0.0015931752562152919,0.011359787003663253,,False,0.9875489506978612,0.9854522202785027,0.9797734297487588,0.982489931489371,0.9365461847389558,0.9221757213277895,0.9080227041545825,0.9139356477708707
106,0.0015858324396938882,0.01126228879938734,,False,0.9874485390099408,0.9844515080032079,0.9796910031084687,0.9819808633694197,0.9381526104417671,0.9245769075701179,0.9129040219645955,0.9179428069482916
107,0.001577390581702468,0.011322940835164656,,False,0.9874485390099408,0.9849118321232986,0.9796910031084687,0.9821954761974536,0.9373493975903614,0.9250591810575443,0.9104653594427248,0.916585556310872
108,0.001572087848397929,0.011349119609236607,,False,0.9875489506978612,0.9854114933057685,0.9797848469523124,0.9824740571552728,0.9373493975903614,0.9246015047363395,0.9087696717173591,0.9153116252410707
109,0.001609239983810951,0.011396513821422673,,False,0.9875489506978612,0.9833004837539229,0.9797734297487588,0.981485989708704,0.936144578313253,0.9244810136026747,0.9110081835242083,0.916732710968231
110,0.0015618201663266718,0.011356789004706568,,False,0.9875489506978612,0.9849895263943887,0.9797848469523124,0.9822805755026744,0.9373493975903614,0.9246175312262991,0.9087696717173591,0.9153290383641929
111,0.001558045560570816,0.011356380377391019,,False,0.9877497740737021,0.9852047303593263,0.9799579765404484,0.9824759845968407,0.9377510040160643,0.9254528368037686,0.9108272848860834,0.9169759530995416
112,0.001554109721955617,0.011386495754800675,,False,0.9878501857616226,0.9852571783325482,0.9800513472220543,0.9825454570807154,0.9373493975903614,0.9250591810575443,0.9104653594427248,0.916585556310872
113,0.001549662217606876,0.011359492719363463,,False,0.9878501857616226,0.9852724522057833,0.9800513472220543,0.9825554548089279,0.9373493975903614,0.9245896495055698,0.9087696717173591,0.9153145319035763
114,0.0015441953595138798,0.011345965637673424,,False,0.9879505974495432,0.9853763449602368,0.9801447179036603,0.9826539066379864,0.9381526104417671,0.9257830788332372,0.9111761153570319,0.9173321456347102
115,0.0015414746145816143,0.01138938802985126,,False,0.9879505974495432,0.9853834104212209,0.9801447179036603,0.9826578715277324,0.9373493975903614,0.9246074884901331,0.9087806023515547,0.9153274224391953
116,0.001536945618928661,0.011390074161065925,,False,0.9879505974495432,0.9853684375124635,0.9801447179036603,0.9826481798824785,0.9377510040160643,0.9259386908380145,0.9125098776390388,0.9182281753900724
117,0.0015329226612959708,0.011407917702854436,,False,0.9879505974495432,0.9853689167208801,0.9801447179036603,0.9826486945887167,0.9373493975903614,0.9251099273805274,0.9104531734008608,0.9166018765023968
118,0.0015270368094291115,0.011452602661360054,,False,0.9879505974495432,0.9853728800491963,0.9801447179036603,0.9826513197143929,0.9381526104417671,0.9257942906256549,0.9112013963713061,0.9173300227954646
119,0.0015253315272692857,0.011369822736456252,,False,0.9879505974495432,0.9853722055542266,0.9801447179036603,0.9826527360531,0.9381526104417671,0.9258235895314972,0.9111870459912272,0.9173580973469794
120,0.0015414784895399227,0.0114957269377113,,False,0.9880510091374636,0.9858916036773796,0.9802398472796116,0.9829399847005725,0.9381526104417671,0.9253253705950336,0.9094926136735302,0.9160459968962873
121,0.0015154168891520314,0.0114526634515199,,False,0.9880510091374636,0.9859190673657109,0.9802398472796116,0.9829545895884692,0.9365461847389558,0.9243314935596005,0.909654139487771,0.9157955880109879
122,0.0015097266347028472,0.011470486634356113,,False,0.9880510091374636,0.9859053649967733,0.9802398472796116,0.9829475981990404,0.9385542168674699,0.9261507533796818,0.9115551285390724,0.9176843665270275
123,0.0015016489348005303,0.011424207881481614,,False,0.9880510091374636,0.9854497684038093,0.9802398472796116,0.982738474962486,0.9385542168674699,0.9261348739707808,0.9115298475247982,0.9176785889232418
124,0.0014978785507025508,0.011424903245832013,,False,0.9880510091374636,0.9854548961524452,0.9802398472796116,0.9827411782590817,0.9377510040160643,0.9254342830407476,0.9108573394300667,0.9169984825774632
125,0.0014949763782483385,0.011456428275116833,,False,0.9880510091374636,0.985473413092648,0.9802398472796116,0.9827511017396215,0.9385542168674699,0.9261686032107939,0.9115298475247982,0.9176951019830588
126,0.001492541890487719,0.011463203654791898,,False,0.9881514208253841,0.9855599970021675,0.9803337704504579,0.9828398089781916,0.9373493975903614,0.9250372739738,0.9104576980164736,0.9165821636021919
127,0.0014903586900867085,0.011452398444105462,,False,0.9881514208253841,0.9859952194042049,0.9803337704504579,0.9830417913951608,0.9369477911646586,0.9246713813702202,0.910102710441039,0.9162312273907474
128,0.0014861466546378333,0.011449906268856003,,False,0.9882518325133045,0.985651609565311,0.9804244733983037,0.9829340558532158,0.9373493975903614,0.9250545267527183,0.9105263774612374,0.9166508081417456
129,0.0014820623569592004,0.01145939291807293,,False,0.9882518325133045,0.9860888563280802,0.9804244733983037,0.9831351578724724,0.9369477911646586,0.9246718444556516,0.9101657074255475,0.9162569691815988
130,0.0014792522637214955,0.011510519055751858,,False,0.9882518325133045,0.9860718354873678,0.9804244733983037,0.9831257456005569,0.9381526104417671,0.9258831426476283,0.9112301870251365,0.9173822549258469
131,0.001466372163701639,0.011596444388406194,,False,0.988352244201225,0.9870575441334949,0.9805183965691499,0.9836281047103531,0.9369477911646586,0.9247157403514142,0.9101400714516666,0.9162730869856117
132,0.0014560148532367508,0.011565021452598466,,False,0.9884526558891455,0.9867192898944208,0.980611688853878,0.9835266444064802,0.9373493975903614,0.92506575521158,0.9105385635031015,0.9166347671095184
133,0.0014615465999907049,0.011699722112388447,,False,0.9884526558891455,0.9871542741816423,0.980611688853878,0.9837246250921192,0.9373493975903614,0.9246301530212226,0.9087942376557905,0.915347344960104
134,0.0014436532767161186,0.011546440418164041,,False,0.988553067577066,0.9872370062780748,0.9807050595354839,0.9838101781108478,0.9381526104417671,0.9253355531553026,0.9094902004212191,0.9160433341070898
135,0.0014468741348121616,0.011680996011591192,,False,0.9884526558891455,0.9871456258999056,0.980611688853878,0.9837211623100723,0.9357429718875502,0.9235699415566868,0.9090196472634875,0.915118957901083
136,0.0014346023239089152,0.011663676955304013,,False,0.9884526558891455,0.9871566979653856,0.980611688853878,0.9837265717184024,0.9373493975903614,0.9250283141642827,0.91050211142302,0.9165999582809766
137,0.0014369263537958288,0.011739970875296782,,False,0.9884526558891455,0.987151447477743,0.980611688853878,0.983721019401622,0.9365461847389558,0.924357256941821,0.9097538884525748,0.91585244094467
138,0.0014276302904692188,0.011649742094549453,,False,0.9886534792649865,0.9873615217156004,0.9812170923055812,0.98414841475717,0.9381526104417671,0.9257640529624802,0.911205929469403,0.9173179236789779
139,0.001424784396877753,0.011708159284199906,,False,0.9887538909529069,0.9874479726770944,0.9817291250756787,0.9844625294301692,0.9377510040160643,0.9254461161294023,0.910829290203875,0.9169535345195684
140,0.001419288154382911,0.01175047493398872,,False,0.9886534792649865,0.9877949942373527,0.9812170923055812,0.9843455206510586,0.9365461847389558,0.9243660257168271,0.9097577666908518,0.9158739584300023
141,0.0014167494851882938,0.01162422378229948,,False,0.9887538909529069,0.9874636940494729,0.9817291250756787,0.9844735797766655,0.9377510040160643,0.9253978456491557,0.9108241480754451,0.9169455676487801
142,0.0014140269746012474,0.011749803335385953,,False,0.9888543026408274,0.987968458115183,0.9818178011420083,0.9847490565614484,0.9373493975903614,0.9250374983532095,0.9104995836427145,0.9165995904060728
143,0.0014077171871768885,0.011730173792800388,,False,0.9888543026408274,0.9875431199815377,0.9818178011420083,0.9845564144077978,0.936144578313253,0.9235006148809143,0.9077059335454088,0.9142408525373775
144,0.0014028687085376745,0.011798479658231425,,False,0.9888543026408274,0.9875370828352226,0.9818178011420083,0.9845524566626298,0.9357429718875502,0.9236643519285058,0.9090178515239936,0.915137224889439
145,0.0013960103856010897,0.011734771432516406,,False,0.9888543026408274,0.9871171627866744,0.9818178011420083,0.9843580392173753,0.9369477911646586,0.9247156333521116,0.9100501122413844,0.9161865418279557
146,0.0014001039459676473,0.011818047566436002,,False,0.9888543026408274,0.9871332843089928,0.9818178011420083,0.9843647623264443,0.9357429718875502,0.9231640822761451,0.9073126981503985,0.9138331250899527
147,0.0013911653543577838,0.01173750301730643,,False,0.9888543026408274,0.9875348178697987,0.9818178011420083,0.9845517870562096,0.9365461847389558,0.9238580669111014,0.9079924990726601,0.9145239176683546
148,0.001388862696544447,0.011795217470704562,,False,0.9888543026408274,0.9875531061654809,0.9818178011420083,0.9845594886258251,0.936144578313253,0.9235665102083025,0.9076689496159861,0.9141849922559933
149,0.0013805080085096302,0.011754277768479138,,False,0.9888543026408274,0.9875401090234946,0.9818178011420083,0.9845549141378126,0.9365461847389558,0.9238498688358479,0.9080369039967222,0.9145549673693912
150,0.0013780685167595053,0.011740337776035883,,False,0.9888543026408274,0.98752619261588,0.9818178011420083,0.9845473551582068,0.9373493975903614,0.9245737419662193,0.9087419859332582,0.9152695123773046
151,0.0013772083762201364,0.011750106084085627,,False,0.9888543026408274,0.9875503923573992,0.9818178011420083,0.9845600188827799,0.9365461847389558,0.9238435866320022,0.9080139018486574,0.9145243464558394
152,0.0013745330079111794,0.011776343681299364,,False,0.9888543026408274,0.9875596557116096,0.9818178011420083,0.9845621498296657,0.9369477911646586,0.9242376461444045,0.9083666105578827,0.9148961767406569
153,0.0013735730543051143,0.01181532192995759,,False,0.9888543026408274,0.9875441101362333,0.9818178011420083,0.9845561568720158,0.9365461847389558,0.9238611861604044,0.9079924990726601,0.9145235541376076
154,0.0013720146280904834,0.011733861912053894,,False,0.9888543026408274,0.9875445955480432,0.9818178011420083,0.9845577824949603,0.9369477911646586,0.9242153554707616,0.9083666105578827,0.9148967274436417
155,0.0013710140268221982,0.011755501297940289,,False,0.9888543026408274,0.9875271939864128,0.9818178011420083,0.9845483457562553,0.9365461847389558,0.9238279310704193,0.9080394232945436,0.9145641404027445
156,0.0013697633853349076,0.011695964607575242,,False,0.9888543026408274,0.9875504245687095,0.9818178011420083,0.9845600812290937,0.9369477911646586,0.9242021528924452,0.9084122793720977,0.9149353619292143
157,0.001369440455212222,0.011657032431995779,,False,0.9888543026408274,0.9875416654989704,0.9818178011420083,0.9845556167642968,0.9369477911646586,0.9242243097745368,0.9084554204060069,0.9149755450040524
158,0.0013652109259245852,0.011803597958370878,,False,0.9888543026408274,0.9875558309099769,0.9818178011420083,0.9845611316884124,0.936144578313253,0.9235368024299895,0.9077066655862205,0.9142014609510694
159,0.0013619726801378555,0.011823238245650913,,False,0.9888543026408274,0.9875598346629008,0.9818178011420083,0.9845637198609025,0.9365461847389558,0.9239219096642102,0.908062917051808,0.9145571382086923
160,0.0013597336293104476,0.011776784691436911,,False,0.9888543026408274,0.9875481466978479,0.9818178011420083,0.9845570126657548,0.9385542168674699,0.9256757489207198,0.90981297759694,0.9163240242207669
161,0.0013572521710736862,0.01178617007436616,,False,0.9888543026408274,0.9875609185510021,0.9818178011420083,0.984563540107738,0.9365461847389558,0.9238303864026854,0.9080084683024983,0.9145204460454421
162,0.0013559190294926348,0.011746203602454786,,False,0.9888543026408274,0.9875385595076216,0.9818178011420083,0.9845536070330593,0.9369477911646586,0.9242157373694531,0.9084301393917324,0.914964254508329
163,0.0013535186705797874,0.01181172796840379,,False,0.9888543026408274,0.9875275094985856,0.9818178011420083,0.9845472345798869,0.9365461847389558,0.9238971955482823,0.9080369039967222,0.9145738719756485
164,0.0013508705431536365,0.011853215306122097,,False,0.9889547143287478,0.9885197790282009,0.981906477208338,0.9850482194537806,0.9357429718875502,0.923260454772777,0.907299071328647,0.9138224696155599
165,0.001349170226549653,0.011845895117369993,,False,0.9889547143287478,0.9876441626696073,0.981906477208338,0.9846487695200103,0.9357429718875502,0.9231360421488888,0.907293929200217,0.9138036332295079
166,0.0013481860945195434,0.011839416114638282,,False,0.9889547143287478,0.987634652919761,0.981906477208338,0.9846444834695132,0.9357429718875502,0.9232247307384078,0.907293929200217,0.9138127873034938
167,0.0013447887036868054,0.011852207500331101,,False,0.9890551260166683,0.9877414999118422,0.9820003210521819,0.9847455220171645,0.936144578313253,0.9235203431928125,0.9076571185337285,0.914168002202395
168,0.0013416658634515417,0.01186667341748008,,False,0.9890551260166683,0.9877349396945182,0.9820003210521819,0.9847409046262636,0.936144578313253,0.9236038024632409,0.9076236357613777,0.9141641799288576
169,0.0013356870747778297,0.011908357377337597,,False,0.9890551260166683,0.9877365933562484,0.9820003210521819,0.9847425880936562,0.9365461847389558,0.9239808467652195,0.9080041532651829,0.91455135823817
170,0.00133235254718768,0.011860825020536675,,False,0.9890551260166683,0.9877450116378372,0.9820003210521819,0.9847462510645073,0.9365461847389558,0.9238678290625119,0.9080312300189513,0.9145497535217569
171,0.0013303286008602931,0.011885961122204153,,False,0.9890551260166683,0.9881586574349898,0.9820003210521819,0.984936237566587,0.9357429718875502,0.9232274697498865,0.9072938231547067,0.9138564668837511
172,0.00132790595726122,0.0118668430135977,,False,0.9890551260166683,0.9872808205691346,0.9820003210521819,0.9845319271843209,0.936144578313253,0.9234787331126704,0.9076558546435758,0.9141764143633512
173,0.0013254681618932048,0.011865456725122847,,False,0.9890551260166683,0.988158142889382,0.9820003210521819,0.9849352852718742,0.9357429718875502,0.9231441898506004,0.9072631510979067,0.9138139322501166
174,0.0013297082500002846,0.012014620947757496,,False,0.9890551260166683,0.9881614538588528,0.9820003210521819,0.9849366156980159,0.9345381526104418,0.922190908709547,0.9062229375365354,0.9127826586243446
175,0.0013216196458079306,0.011902508521845325,,False,0.9890551260166683,0.9877248129450423,0.9820003210521819,0.9847389627012367,0.9353413654618474,0.9228547090403245,0.906938835579272,0.9135007888682295
176,0.0013211112699701075,0.011908857982378502,,False,0.9890551260166683,0.987263668566016,0.9820003210521819,0.9845228549039575,0.9365461847389558,0.9239276167620617,0.9079989050912428,0.9145688649731548
177,0.0013200657193826978,0.011922315652263558,,False,0.9890551260166683,0.9877216105152331,0.9820003210521819,0.9847365339535286,0.9357429718875502,0.9232145268724273,0.9072819920724492,0.9138534698200012
178,0.00131814908746683,0.011892303319384331,,False,0.9890551260166683,0.9881674904998164,0.9820003210521819,0.9849400025847296,0.9349397590361446,0.9224275010433173,0.9065278949327626,0.9131056112814174
179,0.0013175869086958611,0.011899947642731954,,False,0.9890551260166683,0.9876922161214713,0.9820003210521819,0.9847215836542547,0.9349397590361446,0.9224320828880188,0.9065531759470369,0.9131157883783474
180,0.001316950837650853,0.011874189332275539,,False,0.9890551260166683,0.9881343231939534,0.9820003210521819,0.9849246460122395,0.9353413654618474,0.9228103813933054,0.9069716923563216,0.913525369550542
181,0.0013155083587307272,0.011896020544259341,,False,0.9890551260166683,0.9877149393118084,0.9820003210521819,0.9847339607654203,0.9349397590361446,0.9224350439524921,0.9065531759470369,0.913117706724962
182,0.0013148434996402946,0.011930631802142969,,False,0.9890551260166683,0.9881478909963124,0.9820003210521819,0.9849306076549504,0.9349397590361446,0.9225089973090915,0.9065838480038371,0.9131590073370037
183,0.001315022219137262,0.011929848178663901,,False,0.9890551260166683,0.988167708723393,0.9820003210521819,0.9849403502310958,0.9337349397590361,0.9208619950239275,0.9038108686417172,0.910745704835898
184,0.0013129035406711216,0.01190629279367466,,False,0.9890551260166683,0.987707329540238,0.9820003210521819,0.9847292511476949,0.9345381526104418,0.922075705065049,0.9062356554277403,0.9127782290655068
185,0.0013117251046223977,0.01188436965988918,,False,0.9891555377045889,0.9873660069294401,0.9820910240000278,0.9846236131307511,0.9345381526104418,0.9215687578025507,0.904557836204494,0.9114879956257271
186,0.001309172228880993,0.01195014429369042,,False,0.9891555377045889,0.988218456341462,0.9820910240000278,0.9850113333696804,0.9345381526104418,0.9221005204638956,0.9062234693858764,0.9127804202077251
187,0.0013050325721993567,0.011939746451192512,,False,0.9891555377045889,0.9877907797072408,0.9820910240000278,0.9848165583493285,0.9353413654618474,0.9228052219537238,0.9069704369486531,0.9135227772654066
188,0.0013029113350966081,0.011952809139674751,,False,0.9891555377045889,0.9877849481035089,0.9820910240000278,0.9848144110578788,0.9349397590361446,0.9224519787335984,0.906597580871099,0.9131517315044051
189,0.0013020310552485266,0.01191983155080212,,False,0.9891555377045889,0.9882234054933667,0.9820910240000278,0.9850146825548826,0.9349397590361446,0.9224701023878945,0.9066231107994693,0.9131757934105269
190,0.0013009826946760793,0.011963863546564065,,False,0.9891555377045889,0.9877985233100599,0.9820910240000278,0.9848196245348745,0.934136546184739,0.9217220089099971,0.9058615439425177,0.9124016594104162
191,0.001300275658552026,0.011983250058026104,,False,0.9891555377045889,0.9878027413061754,0.9820910240000278,0.9848233609082294,0.9345381526104418,0.922112654809733,0.9062420614463229,0.912783345540227
192,0.0012997203599178838,0.011953232090366623,,False,0.9892559493925093,0.9878632413471201,0.9821861533759788,0.9848996826496825,0.9345381526104418,0.9221049568885208,0.9062477354240939,0.9128124308519183
193,0.0012990266405813178,0.01195909421622064,,False,0.9892559493925093,0.9878893931019669,0.9821861533759788,0.9849144051676585,0.9345381526104418,0.9221224606843251,0.9062464800164255,0.9128090693379283
194,0.0012979385531632407,0.01194547498429675,,False,0.9892559493925093,0.9878742722976848,0.9821861533759788,0.9849063980324922,0.9337349397590361,0.9196392284248684,0.9055020232689858,0.9114284300657273
195,0.0012958245679175425,0.011926852271677217,,False,0.9892559493925093,0.987872315973854,0.9821861533759788,0.984905325324216,0.9349397590361446,0.9224267103998254,0.9066085115052943,0.9131440164680975
196,0.001292449853718269,0.011957868406784599,,False,0.9892559493925093,0.9878900759850592,0.9821861533759788,0.9849141071000083,0.9345381526104418,0.9203243337631347,0.9062611853561106,0.9121548768484514
197,0.001289174468567025,0.011973904312514515,,False,0.9892559493925093,0.9883157593983081,0.9821861533759788,0.9851071818823716,0.934136546184739,0.9199811790913207,0.9058883292785566,0.9117925950642903
198,0.0012881196527969514,0.011985879154549552,,False,0.9892559493925093,0.9878826371945314,0.9821861533759788,0.9849122333558454,0.934136546184739,0.9200159396021808,0.9058883292785566,0.9118051295812742
199,0.001286791015593038,0.011976767940166158,,False,0.9892559493925093,0.988316487025748,0.9821861533759788,0.9851099614816362,0.934136546184739,0.9194251958697175,0.9042035721873865,0.9104862739095105
200,0.0012864054125251495,0.01196399324216624,,False,0.9892559493925093,0.9883080308104147,0.9821861533759788,0.9851043255733172,0.934136546184739,0.91995439838774,0.9058883292785566,0.9117883668601723
