etapa,candidato,criterio,accuracy_mean,accuracy_sd,accuracy_min,macro_f1_mean,macro_f1_sd,macro_f1_min,f1_5_mean,f1_5_sd,f1_5_min,f1_8_mean,f1_8_sd,f1_8_min
1. Baseline,"Receta del ej. 2 (RMSProp-64, MSE)",mejor checkpoint,0.959,0.0022,0.9563,0.9459,0.0036,0.9412,0.8899,0.011,0.8718,0.8611,0.0237,0.8403
2. Softmax + CE,"η = 0,01",mejor checkpoint,0.962,0.0026,0.9594,0.9492,0.0025,0.946,0.8951,0.0106,0.8816,0.8652,0.0287,0.8158
2. Softmax + CE,"η = 0,03",mejor checkpoint,0.9602,0.0022,0.9584,0.9473,0.0037,0.9428,0.8948,0.0185,0.8725,0.8604,0.0103,0.8443
3. L2,λ = 1e-4,mejor checkpoint,0.9647,0.0007,0.9639,0.9558,0.0011,0.9543,0.918,0.0129,0.9055,0.8972,0.0172,0.875
4. Traslaciones,"1 px, p = 0,5, con L2",mejor checkpoint,0.9718,0.0011,0.9702,0.9646,0.0017,0.9624,0.9328,0.0115,0.9211,0.9192,0.0134,0.903
4. Traslaciones,"1 px, p = 0,75, con L2",mejor checkpoint,0.9714,0.0014,0.97,0.9646,0.0013,0.9625,0.9367,0.0154,0.9108,0.9197,0.0155,0.9035
4b. Revalidar L2,"1 px, p = 0,5, sin L2",mejor checkpoint,0.9736,0.0021,0.9702,0.9667,0.0022,0.965,0.9493,0.0059,0.943,0.9112,0.0202,0.8889
4b. Revalidar L2,"1 px, p = 0,75, sin L2",mejor checkpoint,0.9741,0.0007,0.9731,0.9683,0.0015,0.9664,0.9466,0.0104,0.9367,0.9278,0.0063,0.9191
5. 300 épocas,"η constante, mejor checkpoint",mejor checkpoint,0.974,0.0024,0.9716,0.9676,0.0022,0.9652,0.9469,0.0087,0.9397,0.919,0.0138,0.9021
5. 300 épocas,"η constante, época 300",época 300,0.9718,0.0019,0.9692,0.9638,0.0025,0.9597,0.9383,0.0066,0.9295,0.9024,0.0117,0.887
6. Schedule,"0,01 → 0,003 → 0,001, época 300",época 300,0.9733,0.0025,0.97,0.9653,0.0031,0.961,0.9362,0.0087,0.9245,0.9081,0.0101,0.9
7. Rotaciones,"±4°, p = 0,5, época 300",época 300,0.9731,0.0018,0.9714,0.9647,0.0029,0.9616,0.9474,0.0068,0.9379,0.8925,0.0207,0.8734
8. Arquitectura,"[784, 96, 10], época 300",época 300,0.9773,0.0012,0.9753,0.9699,0.0017,0.9669,0.9456,0.0091,0.9333,0.9154,0.0082,0.9038
8. Arquitectura,"[784, 128, 10], época 300",época 300,0.9793,0.0027,0.9757,0.973,0.0036,0.9686,0.9528,0.0063,0.9457,0.926,0.0169,0.9091
