etapa,run,best_epoch,accuracy,macro_f1,f1_5,f1_8,epoch,loss
03-softmax-learning-rate,softmax-ce-lr-00001,194,0.949,0.9311,0.8667,0.8033,,
03-softmax-learning-rate,softmax-ce-lr-00003,158,0.9545,0.9371,0.8553,0.8312,,
03-softmax-learning-rate,softmax-ce-lr-0001,65,0.9535,0.9356,0.8544,0.822,,
03-softmax-learning-rate,softmax-ce-lr-0003,67,0.9561,0.9411,0.8803,0.8398,,
03-softmax-learning-rate,softmax-ce-lr-001,21,0.9594,0.946,0.8816,0.8642,,
03-softmax-learning-rate,softmax-ce-lr-003,172,0.9604,0.9481,0.9037,0.8619,,
03b-softmax-learning-rate-upper,softmax-ce-lr-006,164,0.9529,0.9399,0.8824,0.8583,,
03b-softmax-learning-rate-upper,softmax-ce-lr-01,147,0.9492,0.9368,0.8795,0.8607,,
05-l2-search,softmax-ce-l2-0,21,0.9594,0.946,0.8816,0.8642,,
05-l2-search,softmax-ce-l2-1e-3,93,0.9594,0.945,0.8903,0.8458,,
05-l2-search,softmax-ce-l2-1e-4,163,0.9657,0.9562,0.9267,0.8851,,
05-l2-search,softmax-ce-l2-1e-5,158,0.9641,0.9561,0.9172,0.9107,,
05-l2-search,softmax-ce-l2-1e-6,184,0.9612,0.9513,0.901,0.8959,,
07-translation-augmentation-search,translation-control,163,0.9657,0.9562,0.9267,0.8851,,
07-translation-augmentation-search,translation-shift-1-p-05,185,0.9733,0.9655,0.9453,0.903,,
07-translation-augmentation-search,translation-shift-1-p-075,200,0.9729,0.9659,0.9521,0.9067,,
07-translation-augmentation-search,translation-shift-2-p-05,97,0.9704,0.9613,0.9419,0.8841,,
07b-translation-search-without-l2,translation-control,21,0.9594,0.946,0.8816,0.8642,,
07b-translation-search-without-l2,translation-shift-1-p-05,175,0.9733,0.9654,0.9579,0.8889,,
07b-translation-search-without-l2,translation-shift-1-p-075,179,0.9731,0.9664,0.9367,0.9244,,
07b-translation-search-without-l2,translation-shift-2-p-05,197,0.9722,0.9642,0.949,0.8938,,
12-small-rotation-search,rotation-2deg-p-05,,0.9714,0.9636,0.9457,0.8983,300,0.1152
12-small-rotation-search,rotation-4deg-p-05,,0.9735,0.9675,0.9551,0.917,300,0.101
12-small-rotation-search,rotation-6deg-p-05,,0.9714,0.961,0.9295,0.8807,300,0.1034
12-small-rotation-search,rotation-control,,0.9737,0.9664,0.9367,0.9177,300,0.1043
14-architecture-search,deep-64-32,,0.9716,0.9643,0.9389,0.9106,300,0.1226
14-architecture-search,wide-128,,0.9771,0.9702,0.9554,0.9123,300,0.1197
14-architecture-search,wide-96,,0.978,0.97,0.9511,0.9038,300,0.1071
15-batch-size-search,batch-256,,0.9745,0.9652,0.9241,0.906,300,0.1083
15-batch-size-search,batch-64,,0.9731,0.9638,0.9355,0.8938,300,0.1045
15b-batch-size-search-96,batch-256-wide-96,,0.9765,0.97,0.9551,0.916,300,0.1108
15b-batch-size-search-96,batch-64-wide-96,,0.9782,0.9722,0.9613,0.9198,300,0.1088
