candidate,l2_lambda,seed,best_epoch,validation_accuracy,validation_macro_f1,validation_loss,digit_5_f1,digit_8_f1
sin-l2,0.0,0,143,0.9653061224489796,0.9544703727232557,0.30240219905496046,0.922077922077922,0.8722466960352423
sin-l2,0.0,1,173,0.9640816326530612,0.9519594326577276,0.3508519409217845,0.9006622516556292,0.8713692946058091
sin-l2,0.0,2,88,0.9618367346938775,0.9518216942167328,0.27996892035361587,0.9108910891089109,0.8860759493670886
sin-l2,0.0,3,192,0.9671428571428572,0.9582479598216522,0.34426437604931753,0.9294871794871795,0.8916666666666667
sin-l2,0.0,4,59,0.9624489795918367,0.9526273779015637,0.23630423238115952,0.9025974025974026,0.8962655601659751
l2-1e-4,0.0001,0,142,0.9642857142857143,0.9554179926578217,0.13024839389723933,0.9266666666666666,0.8898305084745762
l2-1e-4,0.0001,1,57,0.9624489795918367,0.9521860858290822,0.144944336224531,0.9206349206349206,0.8744588744588745
l2-1e-4,0.0001,2,68,0.9630612244897959,0.9512017743286505,0.1455852718351107,0.8832807570977917,0.8898678414096917
l2-1e-4,0.0001,3,159,0.9640816326530612,0.9527642987202567,0.14343890644396382,0.9044585987261147,0.8786610878661087
l2-1e-4,0.0001,4,112,0.9626530612244898,0.9513474135299275,0.14220479026981991,0.8834355828220859,0.8956521739130435
