learning_rate,seed,best_epoch,validation_accuracy,validation_macro_f1,digit_5_precision,digit_5_recall,digit_5_f1,digit_8_precision,digit_8_recall,digit_8_f1
0.003,0,191,0.9644897959183674,0.9538515407058228,0.9379310344827586,0.8662420382165605,0.9006622516556292,0.896551724137931,0.8888888888888888,0.8927038626609443
0.003,1,57,0.9628571428571429,0.947362194662395,0.9241379310344827,0.8535031847133758,0.8874172185430463,0.8448275862068966,0.8376068376068376,0.8412017167381974
0.003,2,131,0.9606122448979592,0.9475643318164998,0.9246575342465754,0.8598726114649682,0.8910891089108911,0.8839285714285714,0.8461538461538461,0.8646288209606987
0.003,3,63,0.9624489795918367,0.9489529377849826,0.9078947368421053,0.8789808917197452,0.8932038834951457,0.8559322033898306,0.8632478632478633,0.8595744680851064
0.003,4,101,0.963469387755102,0.9511743672351125,0.9571428571428572,0.8535031847133758,0.9023569023569024,0.8849557522123894,0.8547008547008547,0.8695652173913043
0.01,0,143,0.9653061224489796,0.9544703727232557,0.9403973509933775,0.9044585987261147,0.922077922077922,0.9,0.8461538461538461,0.8722466960352423
0.01,1,173,0.9640816326530612,0.9519594326577276,0.9379310344827586,0.8662420382165605,0.9006622516556292,0.8467741935483871,0.8974358974358975,0.8713692946058091
0.01,2,88,0.9618367346938775,0.9518216942167328,0.9452054794520548,0.8789808917197452,0.9108910891089109,0.875,0.8974358974358975,0.8860759493670886
0.01,3,192,0.9671428571428572,0.9582479598216522,0.9354838709677419,0.9235668789808917,0.9294871794871795,0.8699186991869918,0.9145299145299145,0.8916666666666667
0.01,4,59,0.9624489795918367,0.9526273779015637,0.9205298013245033,0.8853503184713376,0.9025974025974026,0.8709677419354839,0.9230769230769231,0.8962655601659751
