candidate,seed,best_epoch,training_mse,validation_mse,training_accuracy,validation_accuracy,training_macro_f1_present,validation_macro_f1_present,generalization_gap,digit_5_f1,updates_at_best_epoch,seconds
"Online, η=0.001",0,16,0.002217365246403854,0.007904160009834287,0.9888543026408274,0.9590361445783132,0.9828027544330499,0.9487828775000966,0.034019876932953275,0.8514851485148515,159344,77.161775083
"Online, η=0.001",1,20,0.0017119680195800443,0.007766081611464883,0.9915654182146801,0.9634538152610441,0.9895188552660199,0.9491505806875925,0.0403682745784274,0.8125,199180,77.57009529199999
"Online, η=0.001",2,19,0.0015056934693050321,0.008344736876234007,0.9910633597750779,0.9582329317269076,0.9868912934126741,0.9423404735135824,0.04455081989909171,0.7916666666666666,189221,77.906990167
"Online, η=0.001",3,17,0.0022837967230564813,0.007918691055799749,0.9888543026408274,0.9602409638554217,0.9866284219596694,0.9474832259162133,0.03914519604345612,0.8247422680412371,169303,77.24462537500003
"Online, η=0.001",4,17,0.0016782768782471747,0.008320981222282366,0.9906617130233959,0.9586345381526105,0.9858962229775019,0.9438278812572141,0.04206834172028784,0.8043478260869565,169303,77.03842129099996
"Mini-batch 128, η=0.003",0,193,0.00048698641842702807,0.007617945858907043,0.9956822974194196,0.9626506024096385,0.9945499855120017,0.9524085944736004,0.04214139103840131,0.8543689320388349,15054,12.105469541000005
"Mini-batch 128, η=0.003",1,115,0.0004600281640863765,0.007514090167763444,0.995983532483181,0.9626506024096385,0.9941862261213559,0.9503231927999897,0.04386303332136621,0.8333333333333334,8970,12.071934124999999
"Mini-batch 128, η=0.003",2,87,0.00044807782400647505,0.007681679038287988,0.9957827091073401,0.9618473895582329,0.9940256209610224,0.9507199160164621,0.04330570494456032,0.845360824742268,6786,12.146396082999999
"Mini-batch 128, η=0.003",3,177,0.0003447453882024953,0.0074297622645965195,0.9968872376744653,0.9642570281124498,0.9960976200830447,0.9532124709752989,0.04288514910774577,0.8484848484848485,13806,12.104038083000006
"Mini-batch 128, η=0.003",4,170,0.0003405479397292229,0.007015287130301762,0.9967868259865449,0.9654618473895582,0.995363825683312,0.9545960841976284,0.04076774148568363,0.851063829787234,13260,12.082667625
