candidate,seed,best_epoch,training_mse,validation_mse,training_accuracy,validation_accuracy,training_macro_f1_present,validation_macro_f1_present,generalization_gap,digit_5_f1,ignored_digit_5,updates_at_best_epoch,seconds
"Batch 64, η=0.003",0,184,0.00039767313360868165,0.006608086670991981,0.9967868259865449,0.9670682730923694,0.9959998116334131,0.9594722918185545,0.03652751981485858,0.8865979381443299,False,28704,17.528045833
"Batch 64, η=0.003",1,147,0.0003117956013385705,0.007620379936113296,0.9969876493623858,0.963855421686747,0.9959910783976907,0.9529252432146111,0.043065835183079604,0.8484848484848485,False,23868,17.485759707999996
"Batch 64, η=0.003",2,189,0.0003648679952391081,0.007077467041194048,0.9970880610503062,0.9654618473895582,0.9960737914784333,0.9501643973499756,0.04590939412845774,0.8041237113402062,False,29484,17.634215124999997
"Batch 64, η=0.003",3,42,0.0008750805581551309,0.007145184657719942,0.9927703584697258,0.9634538152610441,0.9918762190608119,0.9529080362621255,0.03896818279868641,0.8541666666666666,False,6552,17.611282334000002
"Batch 64, η=0.003",4,171,0.0004392689586808959,0.007392303860846422,0.9975901194899086,0.9658634538152611,0.9967316653491649,0.9548069025431083,0.041924762806056615,0.851063829787234,False,26676,17.403402583000002
"Batch 128, η=0.003",0,193,0.00048698641842702807,0.007617945858907043,0.9956822974194196,0.9626506024096385,0.9945499855120017,0.9524085944736004,0.04214139103840131,0.8543689320388349,False,15054,12.105469541000005
"Batch 128, η=0.003",1,115,0.0004600281640863765,0.007514090167763444,0.995983532483181,0.9626506024096385,0.9941862261213559,0.9503231927999897,0.04386303332136621,0.8333333333333334,False,8970,12.071934124999999
"Batch 128, η=0.003",2,87,0.00044807782400647505,0.007681679038287988,0.9957827091073401,0.9618473895582329,0.9940256209610224,0.9507199160164621,0.04330570494456032,0.845360824742268,False,6786,12.146396082999999
"Batch 128, η=0.003",3,177,0.0003447453882024953,0.0074297622645965195,0.9968872376744653,0.9642570281124498,0.9960976200830447,0.9532124709752989,0.04288514910774577,0.8484848484848485,False,13806,12.104038083000006
"Batch 128, η=0.003",4,170,0.0003405479397292229,0.007015287130301762,0.9967868259865449,0.9654618473895582,0.995363825683312,0.9545960841976284,0.04076774148568363,0.851063829787234,False,13260,12.082667625
"Batch 512, η=0.01",0,281,0.0005259371333489867,0.008058064392225717,0.9956822974194196,0.9634538152610441,0.9945471847454345,0.952675341841283,0.04187184290415147,0.851063829787234,False,5620,24.168900625000006
"Batch 512, η=0.01",1,597,0.0026311238006995036,0.010358856537109554,0.9748970780198816,0.9429718875502008,0.8761956371862721,0.8473245175373753,0.02887111964889688,0.0,True,11940,23.949826374999986
"Batch 512, η=0.01",2,363,0.002670134343032309,0.009009752650248034,0.9755999598353249,0.9457831325301205,0.8877447413174244,0.8607412551026045,0.02700348621481996,0.10526315789473684,False,7260,24.250141333000016
"Batch 512, η=0.01",3,452,0.012486474764440198,0.01832240858340606,0.876493623857817,0.8526104417670682,0.8159929844416616,0.7824881983508436,0.03350478609081797,0.624,False,9040,24.183667249999985
"Batch 512, η=0.01",4,516,0.0006250788091589461,0.008385611521952085,0.9944773571643739,0.9598393574297188,0.992110901132957,0.9460613225790223,0.046049578553934656,0.8172043010752689,False,10320,24.055147458999983
