batch,learning_rate,best_epoch,training_mse,validation_mse,training_accuracy,validation_accuracy,training_macro_f1_present,validation_macro_f1_present,generalization_gap,digit_5_f1,ignored_digit_5,updates_at_best_epoch,seconds
32,0.001,132,0.0003725267131647721,0.008018376941350172,0.9963851792348629,0.9622489959839358,0.9958276301028444,0.9506352854556153,0.0451923446472291,0.84,False,41184,26.229270958999997
32,0.003,187,0.00046467247619776884,0.007751331164777669,0.9965860026107038,0.9642570281124498,0.9956140263367677,0.9520706470249425,0.04354337931182517,0.8367346938775511,False,58344,26.771523792000004
32,0.01,196,0.005589525068554797,0.010222129052597128,0.9640526157244703,0.9393574297188755,0.8721188563554557,0.8531948244078226,0.018924031947633146,0.03636363636363636,False,61152,26.882696374999995
64,0.001,185,0.0004314604518336135,0.008181716984098268,0.9962847675469425,0.9590361445783132,0.9957539139041663,0.9466371328326737,0.04911678107149264,0.8297872340425532,False,28860,17.497652875
64,0.003,184,0.00039767313360868165,0.006608086670991981,0.9967868259865449,0.9670682730923694,0.9959998116334131,0.9594722918185545,0.03652751981485858,0.8865979381443299,False,28704,17.46297791699999
64,0.01,21,0.02955592220629098,0.03276606899275958,0.799377447534893,0.7811244979919679,0.6730254240189625,0.6567963646542611,0.016229059364701426,0.0,True,3276,17.244872000000015
128,0.001,198,0.0005085931676416731,0.008642475057488544,0.9951802389798172,0.9578313253012049,0.9945421595609591,0.9447032654488459,0.049838894112113286,0.8210526315789474,False,15444,11.93447574999999
128,0.003,193,0.00048698641842702807,0.007617945858907043,0.9956822974194196,0.9626506024096385,0.9945499855120017,0.9524085944736004,0.04214139103840131,0.8543689320388349,False,15054,12.090768417000021
128,0.01,132,0.003054206453712517,0.00919336395055909,0.973089667637313,0.946987951807229,0.8749131160815596,0.8515456841166535,0.023367431964906094,0.0,True,10296,11.972808125
256,0.001,192,0.0009559757545852593,0.009716612169938878,0.9912641831509188,0.9477911646586346,0.9891882024222117,0.9302997393868737,0.05888846303533801,0.7659574468085106,False,7488,9.633660917000014
256,0.003,170,0.0003958850195296308,0.007325385048008165,0.9964855909227834,0.9598393574297188,0.9952928522380239,0.9465759869211302,0.048716865316893676,0.8210526315789474,False,6630,9.415795500000002
256,0.01,181,0.0005395846396506855,0.008243513174089234,0.9952806506677377,0.9610441767068273,0.9944041208147978,0.9495921720793243,0.04481194873547345,0.84,False,7059,9.323965625
512,0.001,185,0.0015658366961927876,0.010276962435349616,0.9867456571944975,0.9465863453815261,0.9824052576009663,0.9258427727812918,0.05656248481967452,0.7291666666666666,False,3700,7.6112753750000195
512,0.003,199,0.0007303482086942793,0.009100944378254008,0.9934732402851691,0.9542168674698795,0.9916703294418883,0.9379570682030054,0.05371326123888287,0.7835051546391752,False,3980,7.876033917000001
512,0.01,200,0.0005889092368052163,0.008107839102263275,0.9950798272918968,0.9610441767068273,0.9939756333980766,0.9504323985767891,0.043543234821287524,0.851063829787234,False,4000,7.992432375000021
