candidate,seed,best_epoch,training_mse,validation_mse,training_accuracy,validation_accuracy,training_macro_f1_present,validation_macro_f1_present,generalization_gap,digit_5_f1,ignored_digit_5,seconds
64 + RMSProp η=0.01,0,39,0.0010083759203094816,0.008225661804616358,0.9927703584697258,0.9586345381526105,0.9899685358852567,0.9474083539674355,0.04256018191782118,0.84,False,7.185364792000001
64 + RMSProp η=0.01,1,40,0.000664408821919275,0.0072900209719602566,0.994075710412692,0.9610441767068273,0.9920055096299463,0.949490297184629,0.04251521244531731,0.84,False,7.24766425
64 + RMSProp η=0.01,2,46,0.0007718607380146065,0.008172347645131597,0.9937744753489306,0.9598393574297188,0.9912839628696462,0.9480700122374076,0.04321395063223854,0.8367346938775511,False,7.285020041999999
64 + RMSProp η=0.01,3,188,0.0006429109373057817,0.009125360256565782,0.9941761221006125,0.9542168674698795,0.992317542395024,0.9421915919942963,0.05012595040072776,0.8282828282828283,False,7.259525957999983
64 + RMSProp η=0.01,4,17,0.0022873395632446916,0.00792195805227405,0.9874485390099408,0.9570281124497992,0.9842133175793278,0.9489241186798237,0.035289198899504104,0.8737864077669902,False,7.388403082999986
128 + RMSProp η=0.01,0,33,0.0011916112091091837,0.007017124638707622,0.9932724169093282,0.9630522088353414,0.9900611290453415,0.9518830851006772,0.038178043944664286,0.8440366972477065,False,10.884152042
128 + RMSProp η=0.01,1,80,0.0007965463060831249,0.006601534852463727,0.9936740636610102,0.9662650602409638,0.9906565861414263,0.9526515237665861,0.03800506237484014,0.82,False,10.854745042000001
128 + RMSProp η=0.01,2,117,0.0027389437994732643,0.00837338749713159,0.9737925494527563,0.9506024096385542,0.8752089009343246,0.858231901009661,0.016976999924663616,0.03636363636363636,False,10.820890916000003
128 + RMSProp η=0.01,3,43,0.012734737111130157,0.019330504161068945,0.8750878602269304,0.8477911646586346,0.8192701519011947,0.7873637324832318,0.031906419417962906,0.7256637168141593,False,10.785025333999997
128 + RMSProp η=0.01,4,75,0.00058535962889768,0.007292265683983003,0.9952806506677377,0.9646586345381526,0.9937632948203782,0.9550648189314236,0.03869847588895459,0.8627450980392157,False,10.764280958
128 + Adam η=0.003,0,193,0.00048698641842702807,0.007617945858907043,0.9956822974194196,0.9626506024096385,0.9945499855120017,0.9524085944736004,0.04214139103840131,0.8543689320388349,False,12.105469541000005
128 + Adam η=0.003,1,115,0.0004600281640863765,0.007514090167763444,0.995983532483181,0.9626506024096385,0.9941862261213559,0.9503231927999897,0.04386303332136621,0.8333333333333334,False,12.071934124999999
128 + Adam η=0.003,2,87,0.00044807782400647505,0.007681679038287988,0.9957827091073401,0.9618473895582329,0.9940256209610224,0.9507199160164621,0.04330570494456032,0.845360824742268,False,12.146396082999999
128 + Adam η=0.003,3,177,0.0003447453882024953,0.0074297622645965195,0.9968872376744653,0.9642570281124498,0.9960976200830447,0.9532124709752989,0.04288514910774577,0.8484848484848485,False,12.104038083000006
128 + Adam η=0.003,4,170,0.0003405479397292229,0.007015287130301762,0.9967868259865449,0.9654618473895582,0.995363825683312,0.9545960841976284,0.04076774148568363,0.851063829787234,False,12.082667625
64-64 + Adam η=0.01,0,96,0.0016461283077940678,0.008747767545631929,0.9908625363992368,0.9562248995983936,0.988273289348942,0.9435848128943438,0.04468847645459817,0.8235294117647058,False,9.877986750000005
64-64 + Adam η=0.01,1,197,0.0017682708735795333,0.008847221849608074,0.9909629480871573,0.9538152610441767,0.9893686180189509,0.945775534757051,0.04359308326189992,0.8712871287128713,False,9.914385666000015
64-64 + Adam η=0.01,2,80,0.0036095665213046577,0.009837580747854206,0.9770057234662115,0.9421686746987952,0.9239363286270219,0.8845442087912252,0.03939211983579671,0.36363636363636365,False,9.941059582999998
64-64 + Adam η=0.01,3,47,0.0016392144633422903,0.007813821005369436,0.990260066271714,0.9538152610441767,0.9883385173704722,0.9450423890641358,0.043296128306336334,0.8627450980392157,False,9.851573333999994
64-64 + Adam η=0.01,4,145,0.001420429205678952,0.008148482550468232,0.9925695350938849,0.957429718875502,0.9912808751347968,0.9462287978683107,0.04505207726648608,0.84,False,9.981416292000006
