architecture,optimizer,best_epoch,training_mse,validation_mse,training_accuracy,validation_accuracy,training_macro_f1_present,validation_macro_f1_present,generalization_gap,digit_5_f1,ignored_digit_5,seconds
32,Adaptive,84,0.002423644623751929,0.010868767920407344,0.9818254844863942,0.9413654618473896,0.9754385909381867,0.923405586595829,0.05203300434235769,0.7524752475247525,False,4.769896125000001
32,RMSProp,124,0.0007254388241831998,0.010298836629284519,0.9935736519730897,0.9477911646586346,0.9913039941540772,0.9308424675965945,0.060461526557482714,0.7663551401869159,False,5.4708625420000025
32,Adam,138,0.0019383084554970085,0.01136279540728102,0.988553067577066,0.940562248995984,0.9830955694086987,0.9219077003150074,0.06118786909369134,0.7428571428571429,False,5.790249749999997
64,Adaptive,200,0.001262160082173177,0.010451700662134331,0.9895571844562707,0.946987951807229,0.9861739396689472,0.9333180992332242,0.052855840435723,0.803921568627451,False,6.278715541
64,RMSProp,39,0.0010083759203094816,0.008225661804616358,0.9927703584697258,0.9586345381526105,0.9899685358852567,0.9474083539674355,0.04256018191782118,0.84,False,7.497513833000003
64,Adam,82,0.001158367991173983,0.009039229068731147,0.9932724169093282,0.9530120481927711,0.99129675098338,0.9409636663191391,0.05033308466424091,0.8269230769230769,False,7.978201292000001
128,Adaptive,100,0.0018202354544995922,0.010848883369154898,0.9835324831810422,0.942570281124498,0.9746417529544146,0.9208570789308111,0.05378467402360343,0.7191011235955056,False,8.844752540999998
128,RMSProp,33,0.0011916112091091837,0.007017124638707622,0.9932724169093282,0.9630522088353414,0.9900611290453415,0.9518830851006772,0.038178043944664286,0.8440366972477065,False,10.651851959000005
128,Adam,132,0.003054206453712517,0.00919336395055909,0.973089667637313,0.946987951807229,0.8749131160815596,0.8515456841166535,0.023367431964906094,0.0,True,11.796869915999991
256,Adaptive,199,0.0158425217993037,0.023707938107655434,0.8434581785319811,0.8136546184738955,0.7096941404344307,0.6846356652376936,0.025058475196737096,0.0,True,14.130982375000002
256,RMSProp,74,0.02658820008967884,0.030523580957773157,0.8040967968671553,0.7987951807228916,0.6963469857444171,0.6909562713539149,0.005390714390502205,0.0,True,17.518798292
256,Adam,111,0.039361453218743146,0.042229268054055906,0.6836027713625866,0.6726907630522089,0.5703262594932599,0.560173934639942,0.010152324853317851,0.0,True,20.155377790999992
64-64,Adaptive,191,0.0007903491999715171,0.009125014162083288,0.9928707701576464,0.9534136546184739,0.9905558094014866,0.9364688096769882,0.054086999724498375,0.7755102040816326,False,8.01293099999998
64-64,RMSProp,74,0.012376634121772812,0.018581888016332333,0.8772969173611809,0.8465863453815261,0.7965285251946906,0.764660525856507,0.03186799933818363,0.2847682119205298,False,9.247794709000004
64-64,Adam,96,0.0016461283077940678,0.008747767545631929,0.9908625363992368,0.9562248995983936,0.988273289348942,0.9435848128943438,0.04468847645459817,0.8235294117647058,False,9.928969749999993
