batch_size,learning_rate,best_epoch,training_mse,validation_mse,training_accuracy,validation_accuracy,training_macro_f1_present,validation_macro_f1_present
32,0.3,50,0.00344563050447283,0.010504079391274505,0.9787127221608595,0.9385542168674699,0.97144894818956,0.9203763797835963
32,1,168,0.0012243674816506832,0.010197999091042501,0.9890551260166683,0.948995983935743,0.9860124562544923,0.933792649854181
32,3,19,0.004050378176097504,0.009993600243096094,0.9761020182749272,0.9457831325301205,0.9683879204178074,0.925342958434767
64,0.3,135,0.002798316191826289,0.010650160545166392,0.9818254844863942,0.9417670682730924,0.9769789285089092,0.9213195725301228
64,1,78,0.0019079212506758595,0.010231424638703721,0.9847374234360879,0.9429718875502008,0.9807890710232523,0.9242493220028766
64,3,106,0.0014387422040626147,0.009953506203923776,0.9874485390099408,0.9453815261044177,0.979910924091357,0.926179229655725
128,0.3,197,0.0038379167230951474,0.011139702256955122,0.9752987247715634,0.9357429718875502,0.9661806876900818,0.9152438808884145
128,1,157,0.0022138277484104996,0.010884277638387691,0.9825283663018375,0.9413654618473896,0.9766091513092595,0.9239229941392451
128,3,100,0.00193586518247517,0.009955282570972732,0.984536600060247,0.9449799196787149,0.9788845832300014,0.9273572707370824
