batch_size,learning_rate,best_epoch,training_mse,validation_mse,training_accuracy,validation_accuracy,training_macro_f1_present,validation_macro_f1_present,generalization_gap,digit_5_f1,updates_at_best_epoch,seconds
256,0.5,300,0.003257725355610446,0.010937670965138379,0.9785118987850185,0.9357429718875502,0.9703662989589473,0.9157941392941774,0.054572159664769915,0.7272727272727273,11700,6.138189499999999
256,1,170,0.0029854450887430817,0.011051361642093915,0.9793151922883824,0.940562248995984,0.9734494201229715,0.9201329965554721,0.05331642356749944,0.7254901960784313,6630,6.1016340840000005
256,2,109,0.002422559943028247,0.010768291384400672,0.9832312481172808,0.9409638554216867,0.9752908510821582,0.92008213808022,0.05520871300193819,0.723404255319149,4251,6.221300042000003
512,0.5,578,0.0031364163579856944,0.010715849544242475,0.9782106637212572,0.944578313253012,0.9702785561274112,0.923320670713911,0.04695788541350021,0.723404255319149,11560,11.450808583
512,1,552,0.00231241211227754,0.011155299763922894,0.9828296013655989,0.9393574297188755,0.9767582836236968,0.9184256514125457,0.058332632211151036,0.72,11040,11.559012209000002
512,2,589,0.0015719247918091575,0.01090000473160296,0.986444422130736,0.9401606425702811,0.9816236820278222,0.9223910389100973,0.059232643117724915,0.7551020408163265,11780,11.701567832999999
1024,0.5,1171,0.0030905780035826716,0.01065439297161728,0.97881313384878,0.944578313253012,0.9715432366235979,0.9226477119986247,0.04889552462497315,0.7157894736842105,11710,21.654999417
1024,1,973,0.0023768402459654497,0.011227234924150923,0.9833316598052013,0.9421686746987952,0.9776057640040138,0.9216796981268668,0.05592606587714699,0.7272727272727273,9730,22.020703749999996
1024,2,803,0.001903325921764784,0.011679197919454523,0.9849382468119289,0.9365461847389558,0.9794080704716804,0.916625578621232,0.06278249185044849,0.7311827956989247,8030,22.426390542000007
