candidate,seed,best_epoch,training_mse,validation_mse,training_accuracy,validation_accuracy,training_macro_f1_present,validation_macro_f1_present,generalization_gap,digit_5_f1,digit_5_recall,ignored_digit_5,seconds
GD η=2,0,71,0.0017523437328844204,0.010569591430128342,0.9861431870669746,0.9433734939759036,0.980518028602281,0.9306542534906534,0.04986377511162754,0.8118811881188119,0.7592592592592593,False,6.196708041999999
GD η=2,1,190,0.0012148538755458113,0.010028509957805206,0.9891555377045889,0.9506024096385542,0.9850288299571646,0.9366764734504653,0.04835235650669922,0.803921568627451,0.7592592592592593,False,6.350970124999998
GD η=2,2,116,0.0033651572072955337,0.01135640858385774,0.9693744351842555,0.9321285140562249,0.8710670975431695,0.837158338390793,0.033908759152376455,0.0,0.0,True,6.277254041999999
GD η=2,3,122,0.0017297294281750583,0.010742740964048194,0.9858419520032132,0.9413654618473896,0.9816472582027473,0.9274146694609661,0.054232588741781274,0.7961165048543689,0.7592592592592593,False,6.174773666999997
GD η=2,4,175,0.0013711601513757587,0.010179473940955086,0.9879505974495432,0.944578313253012,0.9838215961858633,0.9283264059312106,0.05549519025465266,0.7755102040816326,0.7037037037037037,False,6.280549125
GD η=3,0,199,0.001251021712455142,0.009916158261796992,0.988553067577066,0.9493975903614458,0.9843679210132468,0.9341236162209393,0.05024430479230746,0.7884615384615384,0.7592592592592593,False,6.2396588339999965
GD η=3,1,56,0.002071179499169575,0.009681672581322374,0.9834320714931218,0.9493975903614458,0.9747348037195027,0.9334458115878426,0.04128899213166015,0.7835051546391752,0.7037037037037037,False,6.235311290999995
GD η=3,2,24,0.004454038994674567,0.010795091791127689,0.9627472637815042,0.9381526104417671,0.8650654184410365,0.8427906486380398,0.022274769802996697,0.0,0.0,True,6.306190958000002
GD η=3,3,186,0.0131114593988743,0.020659021577325742,0.8703685108946682,0.8417670682730923,0.8110687791338267,0.7739345700668011,0.03713420906702558,0.6323529411764706,0.7962962962962963,False,6.232302166000004
GD η=3,4,154,0.0012910405709264353,0.0099489522515002,0.9884526558891455,0.9437751004016064,0.98470914785796,0.9244248172818627,0.06028433057609739,0.7378640776699029,0.7037037037037037,False,6.237425416999997
Adaptativo η₀=1,0,200,0.001262160082173177,0.010451700662134331,0.9895571844562707,0.946987951807229,0.9861739396689472,0.9333180992332242,0.052855840435723,0.803921568627451,0.7592592592592593,False,6.138119040999996
Adaptativo η₀=1,1,137,0.0012346723207739229,0.009771236814524098,0.9892559493925093,0.9534136546184739,0.9853653006476897,0.9374527029955126,0.047912597652177036,0.7843137254901961,0.7407407407407407,False,6.133655290999997
Adaptativo η₀=1,2,174,0.0012683867974536192,0.00965648013331413,0.9891555377045889,0.946987951807229,0.9855283850636639,0.9336551680820688,0.05187321698159508,0.8080808080808081,0.7407407407407407,False,6.147894917000002
Adaptativo η₀=1,3,68,0.0018241638658338408,0.01067460835342015,0.9863440104428155,0.9433734939759036,0.9828106730628217,0.9322492963510255,0.05056137671179617,0.8282828282828283,0.7592592592592593,False,6.222271250000006
Adaptativo η₀=1,4,176,0.0012703566245289993,0.009848648973386488,0.9881514208253841,0.948995983935743,0.9842228319750459,0.9291141224998386,0.055108709475207296,0.7358490566037735,0.7222222222222222,False,6.128678792000002
RMSProp η=0.01,0,39,0.0010083759203094816,0.008225661804616358,0.9927703584697258,0.9586345381526105,0.9899685358852567,0.9474083539674355,0.04256018191782118,0.84,0.7777777777777778,False,7.185364792000001
RMSProp η=0.01,1,40,0.000664408821919275,0.0072900209719602566,0.994075710412692,0.9610441767068273,0.9920055096299463,0.949490297184629,0.04251521244531731,0.84,0.7777777777777778,False,7.24766425
RMSProp η=0.01,2,46,0.0007718607380146065,0.008172347645131597,0.9937744753489306,0.9598393574297188,0.9912839628696462,0.9480700122374076,0.04321395063223854,0.8367346938775511,0.7592592592592593,False,7.285020041999999
RMSProp η=0.01,3,188,0.0006429109373057817,0.009125360256565782,0.9941761221006125,0.9542168674698795,0.992317542395024,0.9421915919942963,0.05012595040072776,0.8282828282828283,0.7592592592592593,False,7.259525957999983
RMSProp η=0.01,4,17,0.0022873395632446916,0.00792195805227405,0.9874485390099408,0.9570281124497992,0.9842133175793278,0.9489241186798237,0.035289198899504104,0.8737864077669902,0.8333333333333334,False,7.388403082999986
Adam η=0.001,0,199,0.0005838214267430656,0.00962406222184912,0.9944773571643739,0.9526104417670683,0.9930351090512199,0.9409165738286482,0.052118535222571705,0.8316831683168316,0.7777777777777778,False,8.065006167000007
Adam η=0.001,1,182,0.0004508974087198981,0.009254886232694728,0.995983532483181,0.9514056224899599,0.9948390981984289,0.9361992076778258,0.05863989052060303,0.7916666666666666,0.7037037037037037,False,7.804452374999983
Adam η=0.001,2,164,0.0006678591999571382,0.008904502971591127,0.9936740636610102,0.9522088353413655,0.9904929478681525,0.9387429685802974,0.051749979287855075,0.8125,0.7222222222222222,False,7.757569707999977
Adam η=0.001,3,165,0.0005697979729187897,0.009628618834088934,0.9947785922281354,0.948995983935743,0.9924361971735541,0.9351066651088227,0.05732953206473146,0.8041237113402062,0.7222222222222222,False,7.874709249999995
Adam η=0.001,4,194,0.00043726370991290734,0.009258274025241915,0.9958831207952605,0.9506024096385542,0.9949737665840337,0.9329769727574385,0.061996793826595176,0.7647058823529411,0.7222222222222222,False,7.807979167000013
Adam η=0.01,0,82,0.001158367991173983,0.009039229068731147,0.9932724169093282,0.9530120481927711,0.99129675098338,0.9409636663191391,0.05033308466424091,0.8269230769230769,0.7962962962962963,False,8.007254625000002
Adam η=0.01,1,95,0.0007026718797630725,0.00802742364100099,0.9957827091073401,0.9606425702811245,0.9942208174240734,0.9477265346505536,0.04649428277351986,0.8247422680412371,0.7407407407407407,False,7.898172041999999
Adam η=0.01,2,85,0.0010598231355028439,0.009085830164115223,0.9931720052214078,0.9538152610441767,0.9909609718007568,0.9379150825478609,0.053045889252895884,0.7843137254901961,0.7407407407407407,False,7.820034667000016
Adam η=0.01,3,155,0.0006370763399794856,0.009129663355445416,0.9952806506677377,0.9530120481927711,0.9946524859613449,0.9427298879104432,0.051922598050901714,0.845360824742268,0.7592592592592593,False,7.877205500000002
Adam η=0.01,4,82,0.000958190573581773,0.009162134183592421,0.9931720052214078,0.9522088353413655,0.991210764298925,0.9372490438449282,0.05396172045399672,0.7959183673469388,0.7222222222222222,False,7.980121125000011
