optimizer,learning_rate,best_epoch,training_mse,validation_mse,training_accuracy,validation_accuracy,training_macro_f1_present,validation_macro_f1_present,generalization_gap,digit_5_f1,digit_5_recall,ignored_digit_5,seconds
GD,0.5,199,0.002011115831514116,0.010722738597635211,0.9853398935636108,0.9401606425702811,0.9795657169810565,0.9248954126374698,0.05467030434358677,0.780952380952381,0.7592592592592593,False,6.164479166
GD,1.0,162,0.0016308375568387307,0.010607353609983803,0.9870468922582588,0.9421686746987952,0.982770438109475,0.928076046493167,0.05469439161630796,0.7961165048543689,0.7592592592592593,False,6.171435417
GD,2.0,71,0.0017523437328844204,0.010569591430128342,0.9861431870669746,0.9433734939759036,0.980518028602281,0.9306542534906534,0.04986377511162754,0.8118811881188119,0.7592592592592593,False,6.167371541999998
GD,3.0,199,0.001251021712455142,0.009916158261796992,0.988553067577066,0.9493975903614458,0.9843679210132468,0.9341236162209393,0.05024430479230746,0.7884615384615384,0.7592592592592593,False,6.217817999999999
Momentum,0.01,180,0.0076146911127594015,0.013232620488374444,0.9495933326639221,0.9176706827309237,0.853100549385947,0.8279070856330305,0.025193463752916534,0.03636363636363636,0.018518518518518517,False,6.543809749999999
Momentum,0.02,195,0.00519402729286271,0.012339736107017447,0.9608394417110152,0.9220883534136546,0.8642554772216257,0.8318150298250191,0.032440447396606564,0.03636363636363636,0.018518518518518517,False,6.604344791999999
Momentum,0.05,180,0.003953974872038911,0.012644698565668541,0.965257555979516,0.9248995983935743,0.8673016058121885,0.8307138194267741,0.03658778638541438,0.0,0.0,True,6.495266209
Momentum,0.1,123,0.0172584316461175,0.024986885917903864,0.8310071292298423,0.7995983935742972,0.7036437445272363,0.6769392799784429,0.026704464548793383,0.0,0.0,True,6.544213833999997
Momentum,0.2,200,0.07650145970591177,0.07936342154125244,0.26870167687518826,0.26987951807228916,0.15419817306548614,0.15764537844454643,-0.003447205379060292,0.0759493670886076,0.2222222222222222,False,6.560819375000001
Adaptativo,0.5,92,0.0018659762321795587,0.010505058464153493,0.9856411286273722,0.940562248995984,0.980509864984577,0.9259336814866275,0.05457618349794957,0.7884615384615384,0.7592592592592593,False,6.159974667
Adaptativo,1.0,200,0.001262160082173177,0.010451700662134331,0.9895571844562707,0.946987951807229,0.9861739396689472,0.9333180992332242,0.052855840435723,0.803921568627451,0.7592592592592593,False,6.189544584000004
Adaptativo,2.0,55,0.001926386719924624,0.010602008126354135,0.9858419520032132,0.946987951807229,0.9798939252398946,0.9325721749961018,0.047321750243792815,0.7961165048543689,0.7592592592592593,False,6.191313375000007
RMSProp,0.0001,200,0.005441161303347002,0.012591024126543945,0.9594336780801286,0.9293172690763052,0.8620315668257775,0.8346491639709259,0.027382402854851606,0.0,0.0,True,7.131611833000008
RMSProp,0.001,90,0.0010289911718023832,0.009707147308739571,0.9907621247113164,0.9473895582329317,0.9881704215312532,0.9351995614143122,0.052970860116941076,0.82,0.7592592592592593,False,7.176926834
RMSProp,0.01,39,0.0010083759203094816,0.008225661804616358,0.9927703584697258,0.9586345381526105,0.9899685358852567,0.9474083539674355,0.04256018191782118,0.84,0.7777777777777778,False,7.220490084000005
RMSProp,0.03,121,0.0023491924877944667,0.010115420325217686,0.9863440104428155,0.9493975903614458,0.9841678703445912,0.9388248236283512,0.04534304671624001,0.8235294117647058,0.7777777777777778,False,7.098914916999998
RMSProp,0.1,0,0.3364497019249292,0.3351414003369762,0.12822572547444522,0.1389558232931727,0.10382148959356996,0.11077316108605498,-0.006951671492485018,0.0,0.0,True,7.00169125
Adam,0.0001,200,0.004024005416047893,0.01133939144892101,0.97670448840245,0.9373493975903614,0.9632316554082365,0.9188308031547506,0.04440085225348589,0.7472527472527473,0.6296296296296297,False,7.6848075420000015
Adam,0.001,199,0.0005838214267430656,0.00962406222184912,0.9944773571643739,0.9526104417670683,0.9930351090512199,0.9409165738286482,0.052118535222571705,0.8316831683168316,0.7777777777777778,False,7.7071993330000055
Adam,0.01,82,0.001158367991173983,0.009039229068731147,0.9932724169093282,0.9530120481927711,0.99129675098338,0.9409636663191391,0.05033308466424091,0.8269230769230769,0.7962962962962963,False,7.82202375
Adam,0.03,16,0.054055318227645095,0.056250652952647015,0.5894166080931821,0.5738955823293173,0.4530740188350653,0.44020773635654314,0.012866282478522173,0.0,0.0,True,7.643733165999997
Adam,0.1,0,0.3364497019249292,0.3351414003369762,0.12822572547444522,0.1389558232931727,0.10382148959356996,0.11077316108605498,-0.006951671492485018,0.0,0.0,True,7.631997542000001
