validation_seed,candidate,best_epoch,training_mse,validation_mse,training_accuracy,validation_accuracy,training_macro_f1_present,validation_macro_f1_present,generalization_gap,digit_5_f1
0,Adam 128,193,0.00048698641842702807,0.007617945858907043,0.9956822974194196,0.9626506024096385,0.9945499855120017,0.9524085944736004,0.04214139103840131,0.8543689320388349
0,RMSProp 64,39,0.0010083759203094816,0.008225661804616358,0.9927703584697258,0.9586345381526105,0.9899685358852567,0.9474083539674355,0.04256018191782118,0.84
1,Adam 128,65,0.000599894639479351,0.008019474101150227,0.9947785922281354,0.9538152610441767,0.9933037953543588,0.9470443426632331,0.046259452691125635,0.8865979381443299
1,RMSProp 64,18,0.0015828902321627406,0.008265335608565093,0.9895571844562707,0.9558232931726908,0.9859287036450815,0.948638236904984,0.037290466740097505,0.8823529411764706
2,Adam 128,149,0.00034328304764578277,0.006751328095594029,0.9967868259865449,0.9682730923694779,0.9962194570599985,0.964750058879123,0.03146939818087546,0.9333333333333333
2,RMSProp 64,37,0.000981552417042149,0.007385582420599691,0.992368711718044,0.9614457831325302,0.9906750017951553,0.9585799440807732,0.03209505771438215,0.9333333333333333
3,Adam 128,90,0.0005182548001950286,0.00724106984212978,0.9953810623556582,0.9630522088353414,0.9940457909435706,0.9485721873625772,0.045473603580993394,0.8076923076923077
3,RMSProp 64,198,0.0005540097050731619,0.007597819042711674,0.9949794156039763,0.9618473895582329,0.9932967089202934,0.955224193887211,0.0380725150330824,0.8932038834951457
4,Adam 128,137,0.0004916300296457237,0.007268656928962915,0.9956822974194196,0.9646586345381526,0.9943622758628057,0.9532682171806874,0.04109405868211824,0.845360824742268
4,RMSProp 64,27,0.0011795462455505145,0.0075367416624377796,0.992368711718044,0.9630522088353414,0.9908680268788673,0.9516575525707166,0.03921047430815072,0.845360824742268
