batch_size,learning_rate,best_epoch,training_mse,validation_mse,training_accuracy,validation_accuracy,training_macro_f1_present,validation_macro_f1_present,digit_5_f1,generalization_gap,seconds
32,0.003,69,0.0005715693407777894,0.008310868220035947,0.9948790039160559,0.9582329317269076,0.9942612703135753,0.945486551234061,0.822429906542056,0.04877471907951425,14.447091875000002
32,0.01,76,0.0005755871338751745,0.008064844218580898,0.9951802389798172,0.9598393574297188,0.993719922935301,0.9513287453728382,0.8712871287128713,0.0423911775624628,14.226840375000002
32,0.03,165,0.0020270694529262215,0.009897936288584444,0.9862435987548951,0.9514056224899599,0.9849205006931481,0.9410555674728052,0.8282828282828283,0.043864933220342905,14.017938707999996
64,0.003,59,0.0006845843688156895,0.009092197137439716,0.9936740636610102,0.9538152610441767,0.9923237955529005,0.9428045487767673,0.84,0.049519246776133174,9.236990124999998
64,0.01,19,0.0016462856494313363,0.0076001160311737325,0.9906617130233959,0.9630522088353414,0.9870241189737607,0.9491145146858919,0.8163265306122449,0.037909604287868826,9.308615749999994
64,0.03,82,0.003959260999431976,0.010192180800221879,0.9786123104729391,0.9473895582329317,0.9750735821402858,0.9351579252063448,0.8,0.03991565693394106,9.063387875000004
128,0.003,68,0.0009453613143107463,0.009712060509050595,0.9911637714629983,0.9522088353413655,0.9883079906374164,0.9387552425489927,0.8125,0.04955274808842369,7.122800124999998
128,0.01,39,0.0010083759203094816,0.008225661804616358,0.9927703584697258,0.9586345381526105,0.9899685358852567,0.9474083539674355,0.84,0.04256018191782118,7.137088000000006
128,0.03,121,0.0023491924877944667,0.010115420325217686,0.9863440104428155,0.9493975903614458,0.9841678703445912,0.9388248236283512,0.8235294117647058,0.04534304671624001,6.962320625000004
256,0.003,41,0.0013623614898195364,0.009286442128184457,0.9882518325133045,0.9534136546184739,0.9836293410975941,0.9409403048507939,0.8247422680412371,0.042689036246800205,5.833681708
256,0.01,129,0.0006535975666448562,0.008329687707044618,0.994276533788533,0.9550200803212852,0.9926976954810279,0.9424943048510781,0.8235294117647058,0.05020339062994983,5.942073291
256,0.03,159,0.0013059317253542827,0.009404205028589322,0.9906617130233959,0.9534136546184739,0.9885175796878715,0.9418463437228163,0.8297872340425532,0.04667123596505518,5.795645790999998
512,0.003,179,0.0009372596713325213,0.00977151828037682,0.9911637714629983,0.9514056224899599,0.9877047543200285,0.9376153474635708,0.8080808080808081,0.050089406856457686,5.182616499999995
512,0.01,61,0.0007932762764537705,0.008654874143151945,0.9928707701576464,0.9538152610441767,0.9904943855350145,0.9421420135978482,0.8316831683168316,0.04835237193716624,5.255646958
512,0.03,165,0.0012009403829339063,0.009592441732714573,0.9909629480871573,0.9554216867469879,0.9892522221017619,0.9423602199514234,0.8172043010752689,0.04689200215033851,5.223968541999994
