run,stage,status,best_epoch,validation_macro_f1_present,validation_accuracy,validation_mse,parameter_count,updates_at_best_epoch,seconds
batch-64-lr-1-seed-0,batch-learning-rate-seeds,complete,78,0.9242493220028766,0.9429718875502008,0.010231424638703721,25450,12168,6.062662833000001
batch-64-lr-1-seed-1,batch-learning-rate-seeds,complete,34,0.9206229790310234,0.9401606425702811,0.010611996548188854,25450,5304,6.046370167000001
batch-64-lr-1-seed-2,batch-learning-rate-seeds,complete,63,0.9236424726565455,0.9437751004016064,0.011017108558944375,25450,9828,6.038626333
batch-64-lr-1-seed-3,batch-learning-rate-seeds,complete,108,0.924188591978305,0.9421686746987952,0.011134541986458751,25450,16848,6.007084291999998
batch-64-lr-1-seed-4,batch-learning-rate-seeds,complete,40,0.9191837752697108,0.9353413654618474,0.01149369088656167,25450,6240,6.071632666999996
batch-128-lr-1-seed-0,batch-learning-rate-seeds,complete,157,0.9239229941392451,0.9413654618473896,0.010884277638387691,25450,12246,4.579556667000006
batch-128-lr-1-seed-1,batch-learning-rate-seeds,complete,106,0.9192817752967114,0.9377510040160643,0.011166545854745821,25450,8268,4.993791999999999
batch-128-lr-1-seed-2,batch-learning-rate-seeds,complete,91,0.9178674635312094,0.9393574297188755,0.011292116967797897,25450,7098,4.902735208999999
batch-128-lr-1-seed-3,batch-learning-rate-seeds,complete,104,0.9260086247017085,0.9413654618473896,0.010917338946137329,25450,8112,4.666015541
batch-128-lr-1-seed-4,batch-learning-rate-seeds,complete,74,0.9226479376601263,0.9385542168674699,0.011264026947603306,25450,5772,4.687727500000001
