epoch,validation_macro_f1_mean,validation_macro_f1_sd,validation_mse_mean,gap_mean
0,0.1051753259451198,0.004881795219903479,0.3361892720463562,5.0091042574579304e-05
1,0.7546252940968766,0.05409351441603461,0.023271705294668748,0.0056090415925405205
2,0.7796889552248143,0.05909222283749788,0.018504727213369963,0.012452344587862974
3,0.854278622339238,0.032719757743190955,0.013432000534225169,0.024252664227959065
4,0.8789373853227131,0.04134117162722069,0.01202119720130466,0.02388204096226785
5,0.8962169499773381,0.04055146192488046,0.011121773446746596,0.02669763117775028
6,0.9050371513490942,0.04110950425037367,0.010184456255828703,0.026769671424365128
7,0.9140923251504894,0.04022560021032291,0.00982215247314591,0.03198664417728836
8,0.9236183335819946,0.024489795469646733,0.009476932201212698,0.03833776246190377
9,0.9262730383817546,0.011245097244690227,0.009219210325606757,0.04139343987349899
10,0.9318253745106297,0.009691553801192533,0.008875734339839448,0.04125858361958492
11,0.9339311317701192,0.010807420916525676,0.00885472711646514,0.04259992269716491
12,0.932960937617582,0.004118125737399019,0.00929854572111724,0.042333055120296705
13,0.9409756761619587,0.009276766660061178,0.008536258358139353,0.039544332765811485
14,0.9333788277076358,0.00802771896793234,0.008941850543823498,0.04750423062011426
15,0.9350638580533337,0.009992675744485213,0.009144655835672685,0.04609181011394061
16,0.9427578825322966,0.004593974223732361,0.00798427530568912,0.04262833285110403
17,0.9342464718396555,0.008662570557843962,0.009011057593319025,0.049200450984539915
18,0.9371861766056384,0.00614537326093538,0.008645047109643611,0.048127896063299834
19,0.9381555419482804,0.0075147740304715455,0.00864691815644174,0.048236911889013266
20,0.9406241621530839,0.007940372749458614,0.008627880783540536,0.04633090205503378
21,0.9395143529354563,0.0080688762654115,0.008310062857097737,0.04812210841438227
22,0.9436598128781337,0.008250941115575583,0.00814980379497837,0.044829779650916016
23,0.9412373171503289,0.007635744817102874,0.008324403181764934,0.04707049568234896
24,0.9389457284919163,0.005165227144465551,0.008497039933256623,0.049787089328674705
25,0.9416463641603918,0.004388219474914657,0.008507852900763047,0.04759638267029083
26,0.9441625190836055,0.006615361817605984,0.008129237231773402,0.04599422684683559
27,0.9413321874589222,0.007516410484808262,0.008334979556813862,0.047109945157780976
28,0.940888994683651,0.008056023008110083,0.008354443153786296,0.04970948305387435
29,0.9440559746594552,0.004725031841394418,0.00822223154155649,0.04667082851615514
30,0.939787792617305,0.009375878933345886,0.00840808476682009,0.050307802406642586
31,0.9411546165323118,0.008829482916171208,0.00840018243393526,0.049505967881179405
32,0.9429322733778868,0.007699491058277832,0.00820686910721892,0.047589642621131814
33,0.9407789227978987,0.006192043604711179,0.008518904553661983,0.049889842266794646
34,0.9435216624668354,0.0075039191271133515,0.008178694776581539,0.04793085224350886
35,0.9429654530371951,0.007254781575799971,0.008115293261888309,0.04850136798953828
36,0.9410828713180515,0.005912265055385177,0.00839292191486133,0.05018703061835659
37,0.9433594032989479,0.006702831351077575,0.008140336673268711,0.04833421787378391
38,0.9447206663997312,0.007208264036597822,0.0078403899056405,0.04703007560128993
39,0.944139474648431,0.00944164256814813,0.008315395417355214,0.047636829985758335
40,0.9442050269491974,0.00855749628119841,0.008255046323790094,0.047678548091109316
41,0.9430785817564578,0.009335794144472746,0.008319211983979504,0.048784096984673654
42,0.9439736988397482,0.009593663761798696,0.008003873530558814,0.048168104732887754
43,0.9460651503226787,0.009248945446028093,0.0081291449666533,0.045941423097827803
44,0.9436779429636978,0.004642465660408238,0.008184883467356758,0.04844485210357208
45,0.9444700066226694,0.008829687224637804,0.00798952845789248,0.047678687886986724
46,0.9446214885998566,0.008867150055571461,0.008047216455626956,0.047478504452147186
47,0.9464533561031873,0.006077768573454551,0.008129655317957668,0.045758813635566685
48,0.9465575137211362,0.008173417367474478,0.00788058381442253,0.04576269091339136
49,0.9470000517902462,0.0077800147836195235,0.007760511787835789,0.04521898465548964
50,0.9476499533854137,0.006760958464348398,0.007762416047354996,0.04467170063024837
51,0.9475570092862945,0.006028788746153218,0.007768211403930828,0.04461628231532026
52,0.9465696462683182,0.005835664494891993,0.00778831079089516,0.04570704753506394
53,0.9469517310906733,0.005974892534825237,0.0077569721534576945,0.045223906442220206
54,0.9472555400404365,0.0068874360716151784,0.007704421570175135,0.045086581398795775
55,0.9478776270700893,0.0070859959654284346,0.007695937521354062,0.044399058292379515
56,0.9469513578282085,0.007011407445431251,0.007730334173262354,0.045366738859914935
57,0.947181820741703,0.0068918105067642624,0.007722629281333664,0.04517941323559684
58,0.9469054191767201,0.006397837038854825,0.007704529694976927,0.04543011350413815
59,0.9468957523773215,0.0071631150655266495,0.007788265480818024,0.04558527885781212
60,0.9468498782341144,0.007145080529584114,0.0077551382249815,0.04564741618171464
61,0.9465381043855576,0.006382647203961188,0.007759977571931101,0.04592140362271935
62,0.9461825373805463,0.007099804742190064,0.007783989530826188,0.04625581971983348
63,0.9465084413005158,0.006849056698287321,0.007729186763833773,0.04595080323245648
64,0.9461611142396045,0.007305815057105022,0.007722630020349179,0.04627555012858706
65,0.9471025577371058,0.007421463641050595,0.007712430852313108,0.04533451524697032
66,0.9470733351740342,0.006992431013272566,0.00789936297495706,0.04538253420788139
67,0.9476030310843289,0.006492419728675564,0.007890949401210432,0.044966825363321195
68,0.9479409938893675,0.0065075328095500345,0.007728488219166824,0.04446421043780757
69,0.9470303402877771,0.005092737266040109,0.00774239783818412,0.04542058668929962
70,0.9467433532426759,0.005944743421307684,0.007928909834920419,0.045176560427113086
71,0.9478950793841197,0.005296629027647589,0.007777928344528587,0.04454781916467565
72,0.9473481769256594,0.0059987258705151624,0.0078121673432696576,0.045274977914645895
73,0.9476952969307622,0.007117144910023284,0.007793308663984744,0.044826858994420536
74,0.9459164561640842,0.006409699585349669,0.007913740637962251,0.046756174326005165
75,0.9466478595320457,0.005985291395137869,0.0077859813713338335,0.04589984049246432
76,0.9462250026317068,0.006297454698431769,0.0077578778752318165,0.04636528318650941
77,0.9465578036962297,0.006242835275779863,0.007774573635339841,0.046033429427002705
78,0.9460016384285476,0.006518598839141388,0.007775815519366118,0.046649606194810844
79,0.9460860718184365,0.00614773811982001,0.007782732039433858,0.04653083996272165
80,0.9464441688694357,0.006188283075896082,0.007763604670790757,0.04616429629311129
81,0.9466702390282578,0.006437426385261043,0.0077596770286091545,0.0459373032798482
82,0.946240678356677,0.00612354563522482,0.007823256858659335,0.04636347720028322
83,0.9460720572276469,0.006134993705485732,0.007803800443932257,0.04653633362526335
84,0.9459109907639256,0.006361158885358263,0.007782794638225401,0.046740247639775155
85,0.945785705765041,0.006052199863523173,0.007761791016032487,0.046864498507948785
86,0.9459962327483765,0.006441062896182981,0.007778798417646135,0.04665481685452546
87,0.9460700239060671,0.006306823615290704,0.007784593005755442,0.04658108029709109
88,0.9460707339079836,0.006306456946889898,0.007785537040952864,0.04658107160298355
89,0.9459966051067148,0.006240895518617081,0.007787936601654647,0.04665552475247629
90,0.9456405442912403,0.006033491094193482,0.007786475605449849,0.047088546518675535
91,0.9460768951817451,0.005588564214495317,0.007801395246845422,0.04655046790292976
92,0.945338901525718,0.006003596289747299,0.0077946949677689835,0.04738914453545486
93,0.9453271452525716,0.006657865958054218,0.007803828812068865,0.047487272264836886
94,0.9449019481363461,0.007066880057963498,0.00790958842817601,0.04785923281132913
95,0.9446174058506424,0.006166731151602473,0.007861240647630607,0.04808943000955583
96,0.9449737421643446,0.006736497252371777,0.007860009985719407,0.04784512683124411
97,0.9451926011320817,0.006646195901324651,0.007863531206319888,0.047484100951534214
98,0.9452717409533934,0.006599109653506791,0.00786804640123297,0.04739495259644442
99,0.9448838457634734,0.007716977451388195,0.007910752159015622,0.047833736322924716
100,0.945494965332848,0.006086636936908388,0.007871147052776037,0.04728184511027842
101,0.9451522415573905,0.006664834410266632,0.007879183503072585,0.04763796860129601
102,0.9451379830978504,0.006748413350610478,0.007924230700041408,0.0474514021959372
103,0.9456996916956072,0.006338165249743731,0.007943013172282378,0.04693734194956887
104,0.9455053343506652,0.006432936956588019,0.007923192789631186,0.04722505836463946
105,0.9453437097717172,0.006073714034525914,0.007936290823244813,0.04734661259298767
106,0.9455505508716913,0.006532807527591714,0.007921067157878547,0.047201758345888134
107,0.9447580623135019,0.00638486082095569,0.007962155306411436,0.04799324229392463
108,0.9444326130286373,0.006728032760273643,0.008010205315165251,0.04833470243750333
109,0.9448042647683341,0.005853714329484763,0.007919995228450076,0.047957701934730326
110,0.9454726298413341,0.006576758371357932,0.007884045479772953,0.04730173050689246
111,0.9452608526484265,0.006664692358616458,0.00788684093883166,0.04745170652646271
112,0.9451069542686683,0.006553034273284853,0.007866237733201529,0.04768638222125883
113,0.944736044971811,0.0066924908796517175,0.007879476293401067,0.047994309547715
114,0.9445280746351419,0.0063447839841460196,0.00788421174934106,0.048243288954536445
115,0.9445281250138471,0.006085905336113573,0.007883066390294577,0.04824468274689928
116,0.9443845804631061,0.005715301756187082,0.00788962672300295,0.04842819254134552
117,0.9444442891257406,0.005595806156581053,0.00791571559379425,0.048421879722696404
118,0.944053849654814,0.00711087926140328,0.007944375348819817,0.04886810561073303
119,0.9437003518014903,0.007701554969430438,0.007923877547184665,0.04910059853659328
120,0.9450389735464677,0.004868755981094947,0.007846420842273397,0.047827116741897414
121,0.945250777156944,0.00519688604893191,0.007844133740254736,0.047633096461390204
122,0.9454694529350165,0.005105410075584425,0.007843463410834143,0.04744207514715868
123,0.9448861504659423,0.00537091059394876,0.007910785933619774,0.04803334827381016
124,0.9445165847640127,0.006410669675776319,0.007860999290341952,0.04835995570054581
125,0.9458317372039151,0.0036911554763669166,0.007871814682136862,0.04700288897570144
126,0.9450253377522557,0.006004305744820955,0.007913686935177855,0.047910454261405076
127,0.9447195883639086,0.006420662860670338,0.007948982177409502,0.04815382313177914
128,0.9453343797633835,0.00555668412602636,0.00791359505160645,0.04753754423403398
129,0.9435632449173008,0.00813899760175796,0.007986636893403695,0.04939250922008602
130,0.9434065114484822,0.008652544625598318,0.007977842630281805,0.04948354777321917
131,0.9439802911722529,0.008163455417491526,0.007968801017138738,0.04890826992536017
132,0.944790813237607,0.007723323876687389,0.007964179880687644,0.04812017114996488
133,0.9439509892808775,0.00787166588823045,0.007999945344552638,0.04897970475062863
134,0.9443546072568976,0.007241894243370709,0.008000676203129057,0.04859971177640561
135,0.9440576610614979,0.008230691749226289,0.007957074628794962,0.04891296300125307
136,0.9439389111961534,0.008188655931319882,0.007999663710526145,0.049005736351667405
137,0.9441732743792173,0.006645822412238752,0.007988347149435509,0.048855688713098845
138,0.9433928228251854,0.007740293237568696,0.008032782560163891,0.0496349847826385
139,0.9428660749982555,0.007892550884548431,0.008023991901062916,0.050162222178366675
140,0.944094692970079,0.005636800569767464,0.008015528448720588,0.04893516146457479
141,0.944909688647839,0.004928128380002976,0.007965819571878863,0.04809632604387957
142,0.9445371760730396,0.00552971052461193,0.007963678891712359,0.04846897403705559
143,0.9444550269602807,0.005670259218349536,0.007926938992502358,0.04854916332880706
144,0.9448190703419769,0.00575471009367405,0.007948805903282261,0.04818563688617392
145,0.944454721272395,0.005913353158267508,0.00794655843744536,0.04855025871456129
146,0.9448129251908058,0.005998106233696562,0.007939092299400475,0.048191569218524875
147,0.9445081676011309,0.006533974499216727,0.007943100526396723,0.048496430817263556
148,0.9444442121833575,0.006290708590956034,0.007948041938583974,0.048477681284611565
149,0.9450896747856838,0.006903663515131503,0.00794920222359694,0.04789021484423579
150,0.945157073389337,0.006763129827338641,0.007970370786508429,0.04780340035127839
151,0.9446755035646228,0.0060879193007221145,0.007953560342718336,0.048286103299423046
152,0.9446697058202277,0.006084860697695342,0.007952786320374652,0.04829207586508357
153,0.9445939011654673,0.006215078586672489,0.007948461218662786,0.048368689916679905
154,0.944597700198629,0.006208386639136134,0.00794076250479997,0.04836489088351843
155,0.9446785566883479,0.006455772730951316,0.007952998917459079,0.04828403439379936
156,0.9448846125165918,0.006096361398779111,0.007961777459037325,0.04811735130876269
157,0.9449660953098616,0.005957963381324036,0.007957360786201143,0.04799602983260183
158,0.944895897570494,0.006307649314699902,0.007954647002313667,0.048084998206161564
159,0.9446024702704282,0.006393399676707312,0.007954574785828724,0.04837923762441587
160,0.9446031054233476,0.006392946716357797,0.00795542545818256,0.04837860247149646
161,0.9446025475321418,0.006321547766873642,0.00795534964909056,0.04837867538955716
162,0.9449588475821846,0.006679636587317234,0.007959113900178536,0.048041174501186126
163,0.9449489556060028,0.006090316499508591,0.007946640252086789,0.04805086351789234
164,0.944957800127689,0.00609611526732601,0.007977811915448116,0.048126908608387975
165,0.9450454119176731,0.006041875541471554,0.007933969369763837,0.04803916967849535
166,0.945105688538535,0.005918232068375662,0.007925741184696208,0.04793587006395106
167,0.9453901248030672,0.005530870094381154,0.007931869195051506,0.04769205002039685
168,0.9450248184287394,0.0064591961631145275,0.007908859207737751,0.048057484951046316
169,0.9454569252634597,0.006052058265085865,0.007923192685794849,0.04758375883815642
170,0.9451430119546729,0.007166449905510432,0.007931147929782601,0.04794034641819511
171,0.9453801355842852,0.006722942276479026,0.007925311892361411,0.04770337194412686
172,0.945453586556409,0.006588162633320636,0.007927146056999162,0.047670933718767516
173,0.9453799962781971,0.00650147647252687,0.007926722040717694,0.04774452399697937
174,0.9453811127289427,0.006502768162425556,0.007926414205517684,0.04774358215097121
175,0.9450907062687339,0.006697241207098708,0.0079279982508443,0.04803398861117984
176,0.9451648454966314,0.006785954830157272,0.007926884782141593,0.04796029974165787
177,0.9451648454966314,0.006785954830157272,0.007926027330762248,0.04796029974165787
178,0.9450918227194794,0.006698555417596602,0.007929049185789256,0.048096148472023016
179,0.945543191474246,0.006372146368804038,0.007929789322362827,0.04764477971725647
180,0.9456188693519005,0.006251649622570122,0.007928554648306125,0.04756883801621932
181,0.9453245363297127,0.005892378773066778,0.007930291032943548,0.04786317103840727
182,0.9453245363297127,0.005892378773066778,0.007930732111562422,0.04786323361377374
183,0.9453974716770676,0.005775983911636066,0.007932151080113229,0.047809301777258596
184,0.9453246421385579,0.005892208312391369,0.007932813415897895,0.0479234766392308
185,0.9452501498069654,0.0058036822846998576,0.007934881587007647,0.04799796897082318
186,0.9453997991393027,0.005619249344676419,0.00793511014547654,0.04784831963848597
187,0.9453197937465797,0.0058834258180764975,0.007937781566873433,0.04792832503120896
188,0.9453199821967584,0.005883131877177299,0.007940605089539778,0.04792800941451345
189,0.9453190830726641,0.00572963453337728,0.007938628239876476,0.047970176649443544
190,0.9456119395585516,0.006265034369488159,0.007937028471008831,0.04773784322169563
191,0.9452553715370098,0.006052874622993074,0.007936675471697897,0.048104021120624306
192,0.9454587111350925,0.006039386317941019,0.007977216382414274,0.047810081767187304
193,0.9452620329917749,0.006360002100555311,0.007937801211847551,0.04800605955824531
194,0.9451166360534163,0.006514256181525967,0.007976374423815585,0.04819175714793304
195,0.9451764056525235,0.006181553993891607,0.007963821786170193,0.04813325257616059
196,0.9451764056525235,0.006181553993891607,0.007958175008769976,0.048151686410707904
197,0.9449563715530811,0.006238272473213156,0.00795473702221886,0.04837174385726959
198,0.9448823835564225,0.006297743366554361,0.007950610315143094,0.048487524535303514
199,0.9448823835564225,0.006297743366554361,0.007948601672183194,0.048487524535303514
200,0.9448826666953479,0.0062928574565577,0.007945653058383134,0.048488516653034906
