run_order,timestamp,level,algorithm,heuristic,repetition,status,cutoff_reason,solution_cost,solution_moves,solution_pushes,expanded_nodes,frontier_size_at_end,max_frontier_size,elapsed_seconds,initial_heuristic,heuristic_evaluations,heuristic_elapsed_seconds,heuristic_seconds_per_evaluation,solution,max_expanded_nodes,timeout_seconds,seed
1,2026-08-24T10:37:53-03:00,levels/level_03.txt,dfs,null,3,success,,51,51,14,43449,19,103,0.2425595,,0,0.0,,UP RIGHT RIGHT LEFT LEFT DOWN RIGHT DOWN RIGHT RIGHT RIGHT UP UP LEFT LEFT LEFT DOWN LEFT LEFT DOWN RIGHT RIGHT UP UP UP LEFT DOWN RIGHT DOWN DOWN LEFT LEFT UP RIGHT UP RIGHT RIGHT RIGHT RIGHT DOWN DOWN LEFT UP RIGHT UP LEFT LEFT LEFT UP LEFT DOWN,1000000,25.0,0
2,2026-08-24T10:37:53-03:00,levels/level_03.txt,greedy,shortest_push_access,4,success,,83,83,22,34565,5793,9151,0.696568583,0,40359,0.46959375,1.1635416e-05,RIGHT DOWN RIGHT RIGHT RIGHT UP UP LEFT LEFT LEFT DOWN LEFT LEFT DOWN RIGHT RIGHT RIGHT LEFT UP UP UP LEFT DOWN RIGHT RIGHT RIGHT RIGHT DOWN DOWN LEFT UP RIGHT UP LEFT LEFT LEFT DOWN RIGHT LEFT DOWN LEFT LEFT UP RIGHT DOWN RIGHT RIGHT UP UP LEFT UP LEFT DOWN RIGHT RIGHT DOWN DOWN LEFT UP DOWN LEFT LEFT UP RIGHT DOWN RIGHT RIGHT UP UP RIGHT RIGHT DOWN DOWN LEFT RIGHT UP LEFT UP LEFT LEFT UP LEFT DOWN,1000000,25.0,0
3,2026-08-24T10:37:54-03:00,levels/level_03.txt,greedy,minimum_matching_manhattan,10,success,,47,47,10,4344,1285,1291,0.116419542,4,5630,0.089932776,1.597385e-05,RIGHT DOWN RIGHT RIGHT RIGHT UP UP LEFT LEFT RIGHT RIGHT DOWN DOWN LEFT LEFT LEFT UP LEFT UP UP RIGHT DOWN LEFT DOWN LEFT DOWN RIGHT RIGHT LEFT UP UP RIGHT RIGHT RIGHT RIGHT DOWN DOWN LEFT UP RIGHT UP LEFT LEFT LEFT UP LEFT DOWN,1000000,25.0,0
4,2026-08-24T10:37:54-03:00,levels/level_03.txt,greedy,shortest_push_access,7,success,,83,83,22,34565,5793,9151,0.69041325,0,40359,0.463004031,1.1472138e-05,RIGHT DOWN RIGHT RIGHT RIGHT UP UP LEFT LEFT LEFT DOWN LEFT LEFT DOWN RIGHT RIGHT RIGHT LEFT UP UP UP LEFT DOWN RIGHT RIGHT RIGHT RIGHT DOWN DOWN LEFT UP RIGHT UP LEFT LEFT LEFT DOWN RIGHT LEFT DOWN LEFT LEFT UP RIGHT DOWN RIGHT RIGHT UP UP LEFT UP LEFT DOWN RIGHT RIGHT DOWN DOWN LEFT UP DOWN LEFT LEFT UP RIGHT DOWN RIGHT RIGHT UP UP RIGHT RIGHT DOWN DOWN LEFT RIGHT UP LEFT UP LEFT LEFT UP LEFT DOWN,1000000,25.0,0
5,2026-08-24T10:37:55-03:00,levels/level_03.txt,astar,minimum_matching_manhattan,5,success,,43,43,10,43039,210,3515,0.976883166,4,43260,0.698079248,1.613683e-05,RIGHT DOWN RIGHT RIGHT RIGHT UP UP LEFT LEFT RIGHT RIGHT DOWN DOWN LEFT LEFT LEFT UP LEFT LEFT DOWN RIGHT RIGHT UP LEFT UP UP RIGHT DOWN RIGHT RIGHT RIGHT DOWN DOWN LEFT UP RIGHT UP LEFT LEFT LEFT UP LEFT DOWN,1000000,25.0,0
6,2026-08-24T10:37:57-03:00,levels/level_03.txt,astar,minimum_matching_manhattan,3,success,,43,43,10,43039,210,3515,0.974855666,4,43260,0.698368314,1.6143512e-05,RIGHT DOWN RIGHT RIGHT RIGHT UP UP LEFT LEFT RIGHT RIGHT DOWN DOWN LEFT LEFT LEFT UP LEFT LEFT DOWN RIGHT RIGHT UP LEFT UP UP RIGHT DOWN RIGHT RIGHT RIGHT DOWN DOWN LEFT UP RIGHT UP LEFT LEFT LEFT UP LEFT DOWN,1000000,25.0,0
7,2026-08-24T10:37:58-03:00,levels/level_03.txt,astar,minimum_matching_manhattan,8,success,,43,43,10,43039,210,3515,0.960804458,4,43260,0.687873479,1.5900913e-05,RIGHT DOWN RIGHT RIGHT RIGHT UP UP LEFT LEFT RIGHT RIGHT DOWN DOWN LEFT LEFT LEFT UP LEFT LEFT DOWN RIGHT RIGHT UP LEFT UP UP RIGHT DOWN RIGHT RIGHT RIGHT DOWN DOWN LEFT UP RIGHT UP LEFT LEFT LEFT UP LEFT DOWN,1000000,25.0,0
8,2026-08-24T10:37:58-03:00,levels/level_03.txt,bfs,null,6,success,,43,43,10,43709,71,2898,0.263346959,,0,0.0,,RIGHT DOWN RIGHT RIGHT RIGHT UP UP LEFT LEFT RIGHT RIGHT DOWN DOWN LEFT LEFT LEFT UP LEFT LEFT DOWN RIGHT RIGHT UP LEFT UP UP RIGHT DOWN RIGHT RIGHT RIGHT DOWN DOWN LEFT UP RIGHT UP LEFT LEFT LEFT UP LEFT DOWN,1000000,25.0,0
9,2026-08-24T10:37:58-03:00,levels/level_03.txt,bfs,null,8,success,,43,43,10,43709,71,2898,0.232448083,,0,0.0,,RIGHT DOWN RIGHT RIGHT RIGHT UP UP LEFT LEFT RIGHT RIGHT DOWN DOWN LEFT LEFT LEFT UP LEFT LEFT DOWN RIGHT RIGHT UP LEFT UP UP RIGHT DOWN RIGHT RIGHT RIGHT DOWN DOWN LEFT UP RIGHT UP LEFT LEFT LEFT UP LEFT DOWN,1000000,25.0,0
10,2026-08-24T10:37:59-03:00,levels/level_03.txt,astar,shortest_push_access,1,success,,43,43,10,41018,844,4055,0.76524075,0,41941,0.491263594,1.1713206e-05,RIGHT DOWN RIGHT RIGHT RIGHT UP UP LEFT LEFT RIGHT RIGHT DOWN DOWN LEFT LEFT LEFT UP LEFT LEFT DOWN RIGHT RIGHT UP LEFT UP UP RIGHT DOWN RIGHT RIGHT RIGHT DOWN DOWN LEFT UP RIGHT UP LEFT LEFT LEFT UP LEFT DOWN,1000000,25.0,0
11,2026-08-24T10:38:00-03:00,levels/level_03.txt,astar,shortest_push_access,6,success,,43,43,10,41018,844,4055,0.7563435,0,41941,0.494091398,1.178063e-05,RIGHT DOWN RIGHT RIGHT RIGHT UP UP LEFT LEFT RIGHT RIGHT DOWN DOWN LEFT LEFT LEFT UP LEFT LEFT DOWN RIGHT RIGHT UP LEFT UP UP RIGHT DOWN RIGHT RIGHT RIGHT DOWN DOWN LEFT UP RIGHT UP LEFT LEFT LEFT UP LEFT DOWN,1000000,25.0,0
12,2026-08-24T10:38:01-03:00,levels/level_03.txt,astar,shortest_push_access,9,success,,43,43,10,41018,844,4055,0.760960333,0,41941,0.494438371,1.1788903e-05,RIGHT DOWN RIGHT RIGHT RIGHT UP UP LEFT LEFT RIGHT RIGHT DOWN DOWN LEFT LEFT LEFT UP LEFT LEFT DOWN RIGHT RIGHT UP LEFT UP UP RIGHT DOWN RIGHT RIGHT RIGHT DOWN DOWN LEFT UP RIGHT UP LEFT LEFT LEFT UP LEFT DOWN,1000000,25.0,0
13,2026-08-24T10:38:01-03:00,levels/level_03.txt,greedy,minimum_matching_manhattan,4,success,,47,47,10,4344,1285,1291,0.119475375,4,5630,0.091309764,1.6218431e-05,RIGHT DOWN RIGHT RIGHT RIGHT UP UP LEFT LEFT RIGHT RIGHT DOWN DOWN LEFT LEFT LEFT UP LEFT UP UP RIGHT DOWN LEFT DOWN LEFT DOWN RIGHT RIGHT LEFT UP UP RIGHT RIGHT RIGHT RIGHT DOWN DOWN LEFT UP RIGHT UP LEFT LEFT LEFT UP LEFT DOWN,1000000,25.0,0
14,2026-08-24T10:38:01-03:00,levels/level_03.txt,greedy,minimum_matching_manhattan,8,success,,47,47,10,4344,1285,1291,0.119194458,4,5630,0.092592503,1.6446271e-05,RIGHT DOWN RIGHT RIGHT RIGHT UP UP LEFT LEFT RIGHT RIGHT DOWN DOWN LEFT LEFT LEFT UP LEFT UP UP RIGHT DOWN LEFT DOWN LEFT DOWN RIGHT RIGHT LEFT UP UP RIGHT RIGHT RIGHT RIGHT DOWN DOWN LEFT UP RIGHT UP LEFT LEFT LEFT UP LEFT DOWN,1000000,25.0,0
15,2026-08-24T10:38:01-03:00,levels/level_03.txt,greedy,minimum_matching_manhattan,9,success,,47,47,10,4344,1285,1291,0.118593666,4,5630,0.092663147,1.6458818e-05,RIGHT DOWN RIGHT RIGHT RIGHT UP UP LEFT LEFT RIGHT RIGHT DOWN DOWN LEFT LEFT LEFT UP LEFT UP UP RIGHT DOWN LEFT DOWN LEFT DOWN RIGHT RIGHT LEFT UP UP RIGHT RIGHT RIGHT RIGHT DOWN DOWN LEFT UP RIGHT UP LEFT LEFT LEFT UP LEFT DOWN,1000000,25.0,0
16,2026-08-24T10:38:02-03:00,levels/level_03.txt,astar,shortest_push_access,10,success,,43,43,10,41018,844,4055,0.764612334,0,41941,0.497682029,1.1866241e-05,RIGHT DOWN RIGHT RIGHT RIGHT UP UP LEFT LEFT RIGHT RIGHT DOWN DOWN LEFT LEFT LEFT UP LEFT LEFT DOWN RIGHT RIGHT UP LEFT UP UP RIGHT DOWN RIGHT RIGHT RIGHT DOWN DOWN LEFT UP RIGHT UP LEFT LEFT LEFT UP LEFT DOWN,1000000,25.0,0
17,2026-08-24T10:38:02-03:00,levels/level_03.txt,bfs,null,1,success,,43,43,10,43709,71,2898,0.230130333,,0,0.0,,RIGHT DOWN RIGHT RIGHT RIGHT UP UP LEFT LEFT RIGHT RIGHT DOWN DOWN LEFT LEFT LEFT UP LEFT LEFT DOWN RIGHT RIGHT UP LEFT UP UP RIGHT DOWN RIGHT RIGHT RIGHT DOWN DOWN LEFT UP RIGHT UP LEFT LEFT LEFT UP LEFT DOWN,1000000,25.0,0
18,2026-08-24T10:38:03-03:00,levels/level_03.txt,bfs,null,2,success,,43,43,10,43709,71,2898,0.235007917,,0,0.0,,RIGHT DOWN RIGHT RIGHT RIGHT UP UP LEFT LEFT RIGHT RIGHT DOWN DOWN LEFT LEFT LEFT UP LEFT LEFT DOWN RIGHT RIGHT UP LEFT UP UP RIGHT DOWN RIGHT RIGHT RIGHT DOWN DOWN LEFT UP RIGHT UP LEFT LEFT LEFT UP LEFT DOWN,1000000,25.0,0
19,2026-08-24T10:38:04-03:00,levels/level_03.txt,astar,minimum_matching_manhattan,2,success,,43,43,10,43039,210,3515,1.028223083,4,43260,0.716462962,1.6561788e-05,RIGHT DOWN RIGHT RIGHT RIGHT UP UP LEFT LEFT RIGHT RIGHT DOWN DOWN LEFT LEFT LEFT UP LEFT LEFT DOWN RIGHT RIGHT UP LEFT UP UP RIGHT DOWN RIGHT RIGHT RIGHT DOWN DOWN LEFT UP RIGHT UP LEFT LEFT LEFT UP LEFT DOWN,1000000,25.0,0
20,2026-08-24T10:38:05-03:00,levels/level_03.txt,greedy,shortest_push_access,9,success,,83,83,22,34565,5793,9151,0.735127666,0,40359,0.482329293,1.1950972e-05,RIGHT DOWN RIGHT RIGHT RIGHT UP UP LEFT LEFT LEFT DOWN LEFT LEFT DOWN RIGHT RIGHT RIGHT LEFT UP UP UP LEFT DOWN RIGHT RIGHT RIGHT RIGHT DOWN DOWN LEFT UP RIGHT UP LEFT LEFT LEFT DOWN RIGHT LEFT DOWN LEFT LEFT UP RIGHT DOWN RIGHT RIGHT UP UP LEFT UP LEFT DOWN RIGHT RIGHT DOWN DOWN LEFT UP DOWN LEFT LEFT UP RIGHT DOWN RIGHT RIGHT UP UP RIGHT RIGHT DOWN DOWN LEFT RIGHT UP LEFT UP LEFT LEFT UP LEFT DOWN,1000000,25.0,0
21,2026-08-24T10:38:05-03:00,levels/level_03.txt,dfs,null,5,success,,51,51,14,43449,19,103,0.2331205,,0,0.0,,UP RIGHT RIGHT LEFT LEFT DOWN RIGHT DOWN RIGHT RIGHT RIGHT UP UP LEFT LEFT LEFT DOWN LEFT LEFT DOWN RIGHT RIGHT UP UP UP LEFT DOWN RIGHT DOWN DOWN LEFT LEFT UP RIGHT UP RIGHT RIGHT RIGHT RIGHT DOWN DOWN LEFT UP RIGHT UP LEFT LEFT LEFT UP LEFT DOWN,1000000,25.0,0
22,2026-08-24T10:38:05-03:00,levels/level_03.txt,dfs,null,6,success,,51,51,14,43449,19,103,0.236492833,,0,0.0,,UP RIGHT RIGHT LEFT LEFT DOWN RIGHT DOWN RIGHT RIGHT RIGHT UP UP LEFT LEFT LEFT DOWN LEFT LEFT DOWN RIGHT RIGHT UP UP UP LEFT DOWN RIGHT DOWN DOWN LEFT LEFT UP RIGHT UP RIGHT RIGHT RIGHT RIGHT DOWN DOWN LEFT UP RIGHT UP LEFT LEFT LEFT UP LEFT DOWN,1000000,25.0,0
23,2026-08-24T10:38:06-03:00,levels/level_03.txt,astar,shortest_push_access,2,success,,43,43,10,41018,844,4055,0.790856584,0,41941,0.506275502,1.2071136e-05,RIGHT DOWN RIGHT RIGHT RIGHT UP UP LEFT LEFT RIGHT RIGHT DOWN DOWN LEFT LEFT LEFT UP LEFT LEFT DOWN RIGHT RIGHT UP LEFT UP UP RIGHT DOWN RIGHT RIGHT RIGHT DOWN DOWN LEFT UP RIGHT UP LEFT LEFT LEFT UP LEFT DOWN,1000000,25.0,0
24,2026-08-24T10:38:07-03:00,levels/level_03.txt,astar,minimum_matching_manhattan,7,success,,43,43,10,43039,210,3515,0.992402625,4,43260,0.699565424,1.6171184e-05,RIGHT DOWN RIGHT RIGHT RIGHT UP UP LEFT LEFT RIGHT RIGHT DOWN DOWN LEFT LEFT LEFT UP LEFT LEFT DOWN RIGHT RIGHT UP LEFT UP UP RIGHT DOWN RIGHT RIGHT RIGHT DOWN DOWN LEFT UP RIGHT UP LEFT LEFT LEFT UP LEFT DOWN,1000000,25.0,0
25,2026-08-24T10:38:07-03:00,levels/level_03.txt,greedy,minimum_matching_manhattan,1,success,,47,47,10,4344,1285,1291,0.11619425,4,5630,0.088435718,1.5707943e-05,RIGHT DOWN RIGHT RIGHT RIGHT UP UP LEFT LEFT RIGHT RIGHT DOWN DOWN LEFT LEFT LEFT UP LEFT UP UP RIGHT DOWN LEFT DOWN LEFT DOWN RIGHT RIGHT LEFT UP UP RIGHT RIGHT RIGHT RIGHT DOWN DOWN LEFT UP RIGHT UP LEFT LEFT LEFT UP LEFT DOWN,1000000,25.0,0
26,2026-08-24T10:38:08-03:00,levels/level_03.txt,greedy,shortest_push_access,6,success,,83,83,22,34565,5793,9151,0.715811041,0,40359,0.477344973,1.1827473e-05,RIGHT DOWN RIGHT RIGHT RIGHT UP UP LEFT LEFT LEFT DOWN LEFT LEFT DOWN RIGHT RIGHT RIGHT LEFT UP UP UP LEFT DOWN RIGHT RIGHT RIGHT RIGHT DOWN DOWN LEFT UP RIGHT UP LEFT LEFT LEFT DOWN RIGHT LEFT DOWN LEFT LEFT UP RIGHT DOWN RIGHT RIGHT UP UP LEFT UP LEFT DOWN RIGHT RIGHT DOWN DOWN LEFT UP DOWN LEFT LEFT UP RIGHT DOWN RIGHT RIGHT UP UP RIGHT RIGHT DOWN DOWN LEFT RIGHT UP LEFT UP LEFT LEFT UP LEFT DOWN,1000000,25.0,0
27,2026-08-24T10:38:09-03:00,levels/level_03.txt,dfs,null,1,success,,51,51,14,43449,19,103,0.226958875,,0,0.0,,UP RIGHT RIGHT LEFT LEFT DOWN RIGHT DOWN RIGHT RIGHT RIGHT UP UP LEFT LEFT LEFT DOWN LEFT LEFT DOWN RIGHT RIGHT UP UP UP LEFT DOWN RIGHT DOWN DOWN LEFT LEFT UP RIGHT UP RIGHT RIGHT RIGHT RIGHT DOWN DOWN LEFT UP RIGHT UP LEFT LEFT LEFT UP LEFT DOWN,1000000,25.0,0
28,2026-08-24T10:38:10-03:00,levels/level_03.txt,astar,minimum_matching_manhattan,6,success,,43,43,10,43039,210,3515,0.977667,4,43260,0.694596673,1.6056326e-05,RIGHT DOWN RIGHT RIGHT RIGHT UP UP LEFT LEFT RIGHT RIGHT DOWN DOWN LEFT LEFT LEFT UP LEFT LEFT DOWN RIGHT RIGHT UP LEFT UP UP RIGHT DOWN RIGHT RIGHT RIGHT DOWN DOWN LEFT UP RIGHT UP LEFT LEFT LEFT UP LEFT DOWN,1000000,25.0,0
29,2026-08-24T10:38:10-03:00,levels/level_03.txt,dfs,null,2,success,,51,51,14,43449,19,103,0.233685791,,0,0.0,,UP RIGHT RIGHT LEFT LEFT DOWN RIGHT DOWN RIGHT RIGHT RIGHT UP UP LEFT LEFT LEFT DOWN LEFT LEFT DOWN RIGHT RIGHT UP UP UP LEFT DOWN RIGHT DOWN DOWN LEFT LEFT UP RIGHT UP RIGHT RIGHT RIGHT RIGHT DOWN DOWN LEFT UP RIGHT UP LEFT LEFT LEFT UP LEFT DOWN,1000000,25.0,0
30,2026-08-24T10:38:10-03:00,levels/level_03.txt,bfs,null,4,success,,43,43,10,43709,71,2898,0.228806208,,0,0.0,,RIGHT DOWN RIGHT RIGHT RIGHT UP UP LEFT LEFT RIGHT RIGHT DOWN DOWN LEFT LEFT LEFT UP LEFT LEFT DOWN RIGHT RIGHT UP LEFT UP UP RIGHT DOWN RIGHT RIGHT RIGHT DOWN DOWN LEFT UP RIGHT UP LEFT LEFT LEFT UP LEFT DOWN,1000000,25.0,0
31,2026-08-24T10:38:11-03:00,levels/level_03.txt,dfs,null,8,success,,51,51,14,43449,19,103,0.235149083,,0,0.0,,UP RIGHT RIGHT LEFT LEFT DOWN RIGHT DOWN RIGHT RIGHT RIGHT UP UP LEFT LEFT LEFT DOWN LEFT LEFT DOWN RIGHT RIGHT UP UP UP LEFT DOWN RIGHT DOWN DOWN LEFT LEFT UP RIGHT UP RIGHT RIGHT RIGHT RIGHT DOWN DOWN LEFT UP RIGHT UP LEFT LEFT LEFT UP LEFT DOWN,1000000,25.0,0
32,2026-08-24T10:38:11-03:00,levels/level_03.txt,astar,shortest_push_access,8,success,,43,43,10,41018,844,4055,0.766099625,0,41941,0.498549203,1.1886917e-05,RIGHT DOWN RIGHT RIGHT RIGHT UP UP LEFT LEFT RIGHT RIGHT DOWN DOWN LEFT LEFT LEFT UP LEFT LEFT DOWN RIGHT RIGHT UP LEFT UP UP RIGHT DOWN RIGHT RIGHT RIGHT DOWN DOWN LEFT UP RIGHT UP LEFT LEFT LEFT UP LEFT DOWN,1000000,25.0,0
33,2026-08-24T10:38:12-03:00,levels/level_03.txt,greedy,minimum_matching_manhattan,2,success,,47,47,10,4344,1285,1291,0.119104375,4,5630,0.091898666,1.6323031e-05,RIGHT DOWN RIGHT RIGHT RIGHT UP UP LEFT LEFT RIGHT RIGHT DOWN DOWN LEFT LEFT LEFT UP LEFT UP UP RIGHT DOWN LEFT DOWN LEFT DOWN RIGHT RIGHT LEFT UP UP RIGHT RIGHT RIGHT RIGHT DOWN DOWN LEFT UP RIGHT UP LEFT LEFT LEFT UP LEFT DOWN,1000000,25.0,0
34,2026-08-24T10:38:12-03:00,levels/level_03.txt,bfs,null,5,success,,43,43,10,43709,71,2898,0.226014667,,0,0.0,,RIGHT DOWN RIGHT RIGHT RIGHT UP UP LEFT LEFT RIGHT RIGHT DOWN DOWN LEFT LEFT LEFT UP LEFT LEFT DOWN RIGHT RIGHT UP LEFT UP UP RIGHT DOWN RIGHT RIGHT RIGHT DOWN DOWN LEFT UP RIGHT UP LEFT LEFT LEFT UP LEFT DOWN,1000000,25.0,0
35,2026-08-24T10:38:13-03:00,levels/level_03.txt,astar,minimum_matching_manhattan,1,success,,43,43,10,43039,210,3515,0.995702625,4,43260,0.710683724,1.6428195e-05,RIGHT DOWN RIGHT RIGHT RIGHT UP UP LEFT LEFT RIGHT RIGHT DOWN DOWN LEFT LEFT LEFT UP LEFT LEFT DOWN RIGHT RIGHT UP LEFT UP UP RIGHT DOWN RIGHT RIGHT RIGHT DOWN DOWN LEFT UP RIGHT UP LEFT LEFT LEFT UP LEFT DOWN,1000000,25.0,0
36,2026-08-24T10:38:14-03:00,levels/level_03.txt,astar,minimum_matching_manhattan,10,success,,43,43,10,43039,210,3515,1.015135584,4,43260,0.710521487,1.6424445e-05,RIGHT DOWN RIGHT RIGHT RIGHT UP UP LEFT LEFT RIGHT RIGHT DOWN DOWN LEFT LEFT LEFT UP LEFT LEFT DOWN RIGHT RIGHT UP LEFT UP UP RIGHT DOWN RIGHT RIGHT RIGHT DOWN DOWN LEFT UP RIGHT UP LEFT LEFT LEFT UP LEFT DOWN,1000000,25.0,0
37,2026-08-24T10:38:14-03:00,levels/level_03.txt,bfs,null,10,success,,43,43,10,43709,71,2898,0.238529916,,0,0.0,,RIGHT DOWN RIGHT RIGHT RIGHT UP UP LEFT LEFT RIGHT RIGHT DOWN DOWN LEFT LEFT LEFT UP LEFT LEFT DOWN RIGHT RIGHT UP LEFT UP UP RIGHT DOWN RIGHT RIGHT RIGHT DOWN DOWN LEFT UP RIGHT UP LEFT LEFT LEFT UP LEFT DOWN,1000000,25.0,0
38,2026-08-24T10:38:15-03:00,levels/level_03.txt,greedy,shortest_push_access,5,success,,83,83,22,34565,5793,9151,0.716010834,0,40359,0.466315396,1.1554186e-05,RIGHT DOWN RIGHT RIGHT RIGHT UP UP LEFT LEFT LEFT DOWN LEFT LEFT DOWN RIGHT RIGHT RIGHT LEFT UP UP UP LEFT DOWN RIGHT RIGHT RIGHT RIGHT DOWN DOWN LEFT UP RIGHT UP LEFT LEFT LEFT DOWN RIGHT LEFT DOWN LEFT LEFT UP RIGHT DOWN RIGHT RIGHT UP UP LEFT UP LEFT DOWN RIGHT RIGHT DOWN DOWN LEFT UP DOWN LEFT LEFT UP RIGHT DOWN RIGHT RIGHT UP UP RIGHT RIGHT DOWN DOWN LEFT RIGHT UP LEFT UP LEFT LEFT UP LEFT DOWN,1000000,25.0,0
39,2026-08-24T10:38:16-03:00,levels/level_03.txt,astar,shortest_push_access,4,success,,43,43,10,41018,844,4055,0.807997625,0,41941,0.503046082,1.1994137e-05,RIGHT DOWN RIGHT RIGHT RIGHT UP UP LEFT LEFT RIGHT RIGHT DOWN DOWN LEFT LEFT LEFT UP LEFT LEFT DOWN RIGHT RIGHT UP LEFT UP UP RIGHT DOWN RIGHT RIGHT RIGHT DOWN DOWN LEFT UP RIGHT UP LEFT LEFT LEFT UP LEFT DOWN,1000000,25.0,0
40,2026-08-24T10:38:17-03:00,levels/level_03.txt,greedy,shortest_push_access,10,success,,83,83,22,34565,5793,9151,0.677846042,0,40359,0.46133512,1.1430787e-05,RIGHT DOWN RIGHT RIGHT RIGHT UP UP LEFT LEFT LEFT DOWN LEFT LEFT DOWN RIGHT RIGHT RIGHT LEFT UP UP UP LEFT DOWN RIGHT RIGHT RIGHT RIGHT DOWN DOWN LEFT UP RIGHT UP LEFT LEFT LEFT DOWN RIGHT LEFT DOWN LEFT LEFT UP RIGHT DOWN RIGHT RIGHT UP UP LEFT UP LEFT DOWN RIGHT RIGHT DOWN DOWN LEFT UP DOWN LEFT LEFT UP RIGHT DOWN RIGHT RIGHT UP UP RIGHT RIGHT DOWN DOWN LEFT RIGHT UP LEFT UP LEFT LEFT UP LEFT DOWN,1000000,25.0,0
41,2026-08-24T10:38:17-03:00,levels/level_03.txt,bfs,null,7,success,,43,43,10,43709,71,2898,0.2292225,,0,0.0,,RIGHT DOWN RIGHT RIGHT RIGHT UP UP LEFT LEFT RIGHT RIGHT DOWN DOWN LEFT LEFT LEFT UP LEFT LEFT DOWN RIGHT RIGHT UP LEFT UP UP RIGHT DOWN RIGHT RIGHT RIGHT DOWN DOWN LEFT UP RIGHT UP LEFT LEFT LEFT UP LEFT DOWN,1000000,25.0,0
42,2026-08-24T10:38:18-03:00,levels/level_03.txt,astar,minimum_matching_manhattan,4,success,,43,43,10,43039,210,3515,1.017729458,4,43260,0.701638489,1.6219105e-05,RIGHT DOWN RIGHT RIGHT RIGHT UP UP LEFT LEFT RIGHT RIGHT DOWN DOWN LEFT LEFT LEFT UP LEFT LEFT DOWN RIGHT RIGHT UP LEFT UP UP RIGHT DOWN RIGHT RIGHT RIGHT DOWN DOWN LEFT UP RIGHT UP LEFT LEFT LEFT UP LEFT DOWN,1000000,25.0,0
43,2026-08-24T10:38:19-03:00,levels/level_03.txt,dfs,null,9,success,,51,51,14,43449,19,103,0.256804041,,0,0.0,,UP RIGHT RIGHT LEFT LEFT DOWN RIGHT DOWN RIGHT RIGHT RIGHT UP UP LEFT LEFT LEFT DOWN LEFT LEFT DOWN RIGHT RIGHT UP UP UP LEFT DOWN RIGHT DOWN DOWN LEFT LEFT UP RIGHT UP RIGHT RIGHT RIGHT RIGHT DOWN DOWN LEFT UP RIGHT UP LEFT LEFT LEFT UP LEFT DOWN,1000000,25.0,0
44,2026-08-24T10:38:19-03:00,levels/level_03.txt,bfs,null,9,success,,43,43,10,43709,71,2898,0.228782,,0,0.0,,RIGHT DOWN RIGHT RIGHT RIGHT UP UP LEFT LEFT RIGHT RIGHT DOWN DOWN LEFT LEFT LEFT UP LEFT LEFT DOWN RIGHT RIGHT UP LEFT UP UP RIGHT DOWN RIGHT RIGHT RIGHT DOWN DOWN LEFT UP RIGHT UP LEFT LEFT LEFT UP LEFT DOWN,1000000,25.0,0
45,2026-08-24T10:38:20-03:00,levels/level_03.txt,astar,shortest_push_access,3,success,,43,43,10,41018,844,4055,0.784082833,0,41941,0.50269565,1.1985781e-05,RIGHT DOWN RIGHT RIGHT RIGHT UP UP LEFT LEFT RIGHT RIGHT DOWN DOWN LEFT LEFT LEFT UP LEFT LEFT DOWN RIGHT RIGHT UP LEFT UP UP RIGHT DOWN RIGHT RIGHT RIGHT DOWN DOWN LEFT UP RIGHT UP LEFT LEFT LEFT UP LEFT DOWN,1000000,25.0,0
46,2026-08-24T10:38:20-03:00,levels/level_03.txt,dfs,null,4,success,,51,51,14,43449,19,103,0.228911083,,0,0.0,,UP RIGHT RIGHT LEFT LEFT DOWN RIGHT DOWN RIGHT RIGHT RIGHT UP UP LEFT LEFT LEFT DOWN LEFT LEFT DOWN RIGHT RIGHT UP UP UP LEFT DOWN RIGHT DOWN DOWN LEFT LEFT UP RIGHT UP RIGHT RIGHT RIGHT RIGHT DOWN DOWN LEFT UP RIGHT UP LEFT LEFT LEFT UP LEFT DOWN,1000000,25.0,0
47,2026-08-24T10:38:21-03:00,levels/level_03.txt,greedy,shortest_push_access,8,success,,83,83,22,34565,5793,9151,0.694083208,0,40359,0.469073077,1.1622515e-05,RIGHT DOWN RIGHT RIGHT RIGHT UP UP LEFT LEFT LEFT DOWN LEFT LEFT DOWN RIGHT RIGHT RIGHT LEFT UP UP UP LEFT DOWN RIGHT RIGHT RIGHT RIGHT DOWN DOWN LEFT UP RIGHT UP LEFT LEFT LEFT DOWN RIGHT LEFT DOWN LEFT LEFT UP RIGHT DOWN RIGHT RIGHT UP UP LEFT UP LEFT DOWN RIGHT RIGHT DOWN DOWN LEFT UP DOWN LEFT LEFT UP RIGHT DOWN RIGHT RIGHT UP UP RIGHT RIGHT DOWN DOWN LEFT RIGHT UP LEFT UP LEFT LEFT UP LEFT DOWN,1000000,25.0,0
48,2026-08-24T10:38:21-03:00,levels/level_03.txt,greedy,minimum_matching_manhattan,3,success,,47,47,10,4344,1285,1291,0.11955475,4,5630,0.092133951,1.6364823e-05,RIGHT DOWN RIGHT RIGHT RIGHT UP UP LEFT LEFT RIGHT RIGHT DOWN DOWN LEFT LEFT LEFT UP LEFT UP UP RIGHT DOWN LEFT DOWN LEFT DOWN RIGHT RIGHT LEFT UP UP RIGHT RIGHT RIGHT RIGHT DOWN DOWN LEFT UP RIGHT UP LEFT LEFT LEFT UP LEFT DOWN,1000000,25.0,0
49,2026-08-24T10:38:22-03:00,levels/level_03.txt,greedy,shortest_push_access,1,success,,83,83,22,34565,5793,9151,0.678574417,0,40359,0.462240051,1.1453209e-05,RIGHT DOWN RIGHT RIGHT RIGHT UP UP LEFT LEFT LEFT DOWN LEFT LEFT DOWN RIGHT RIGHT RIGHT LEFT UP UP UP LEFT DOWN RIGHT RIGHT RIGHT RIGHT DOWN DOWN LEFT UP RIGHT UP LEFT LEFT LEFT DOWN RIGHT LEFT DOWN LEFT LEFT UP RIGHT DOWN RIGHT RIGHT UP UP LEFT UP LEFT DOWN RIGHT RIGHT DOWN DOWN LEFT UP DOWN LEFT LEFT UP RIGHT DOWN RIGHT RIGHT UP UP RIGHT RIGHT DOWN DOWN LEFT RIGHT UP LEFT UP LEFT LEFT UP LEFT DOWN,1000000,25.0,0
50,2026-08-24T10:38:22-03:00,levels/level_03.txt,dfs,null,10,success,,51,51,14,43449,19,103,0.223830375,,0,0.0,,UP RIGHT RIGHT LEFT LEFT DOWN RIGHT DOWN RIGHT RIGHT RIGHT UP UP LEFT LEFT LEFT DOWN LEFT LEFT DOWN RIGHT RIGHT UP UP UP LEFT DOWN RIGHT DOWN DOWN LEFT LEFT UP RIGHT UP RIGHT RIGHT RIGHT RIGHT DOWN DOWN LEFT UP RIGHT UP LEFT LEFT LEFT UP LEFT DOWN,1000000,25.0,0
51,2026-08-24T10:38:22-03:00,levels/level_03.txt,greedy,minimum_matching_manhattan,6,success,,47,47,10,4344,1285,1291,0.118972625,4,5630,0.092494368,1.642884e-05,RIGHT DOWN RIGHT RIGHT RIGHT UP UP LEFT LEFT RIGHT RIGHT DOWN DOWN LEFT LEFT LEFT UP LEFT UP UP RIGHT DOWN LEFT DOWN LEFT DOWN RIGHT RIGHT LEFT UP UP RIGHT RIGHT RIGHT RIGHT DOWN DOWN LEFT UP RIGHT UP LEFT LEFT LEFT UP LEFT DOWN,1000000,25.0,0
52,2026-08-24T10:38:23-03:00,levels/level_03.txt,greedy,shortest_push_access,2,success,,83,83,22,34565,5793,9151,0.694873125,0,40359,0.467381546,1.1580603e-05,RIGHT DOWN RIGHT RIGHT RIGHT UP UP LEFT LEFT LEFT DOWN LEFT LEFT DOWN RIGHT RIGHT RIGHT LEFT UP UP UP LEFT DOWN RIGHT RIGHT RIGHT RIGHT DOWN DOWN LEFT UP RIGHT UP LEFT LEFT LEFT DOWN RIGHT LEFT DOWN LEFT LEFT UP RIGHT DOWN RIGHT RIGHT UP UP LEFT UP LEFT DOWN RIGHT RIGHT DOWN DOWN LEFT UP DOWN LEFT LEFT UP RIGHT DOWN RIGHT RIGHT UP UP RIGHT RIGHT DOWN DOWN LEFT RIGHT UP LEFT UP LEFT LEFT UP LEFT DOWN,1000000,25.0,0
53,2026-08-24T10:38:24-03:00,levels/level_03.txt,greedy,shortest_push_access,3,success,,83,83,22,34565,5793,9151,0.71951375,0,40359,0.480953612,1.1916886e-05,RIGHT DOWN RIGHT RIGHT RIGHT UP UP LEFT LEFT LEFT DOWN LEFT LEFT DOWN RIGHT RIGHT RIGHT LEFT UP UP UP LEFT DOWN RIGHT RIGHT RIGHT RIGHT DOWN DOWN LEFT UP RIGHT UP LEFT LEFT LEFT DOWN RIGHT LEFT DOWN LEFT LEFT UP RIGHT DOWN RIGHT RIGHT UP UP LEFT UP LEFT DOWN RIGHT RIGHT DOWN DOWN LEFT UP DOWN LEFT LEFT UP RIGHT DOWN RIGHT RIGHT UP UP RIGHT RIGHT DOWN DOWN LEFT RIGHT UP LEFT UP LEFT LEFT UP LEFT DOWN,1000000,25.0,0
54,2026-08-24T10:38:24-03:00,levels/level_03.txt,dfs,null,7,success,,51,51,14,43449,19,103,0.233944459,,0,0.0,,UP RIGHT RIGHT LEFT LEFT DOWN RIGHT DOWN RIGHT RIGHT RIGHT UP UP LEFT LEFT LEFT DOWN LEFT LEFT DOWN RIGHT RIGHT UP UP UP LEFT DOWN RIGHT DOWN DOWN LEFT LEFT UP RIGHT UP RIGHT RIGHT RIGHT RIGHT DOWN DOWN LEFT UP RIGHT UP LEFT LEFT LEFT UP LEFT DOWN,1000000,25.0,0
55,2026-08-24T10:38:24-03:00,levels/level_03.txt,bfs,null,3,success,,43,43,10,43709,71,2898,0.246259833,,0,0.0,,RIGHT DOWN RIGHT RIGHT RIGHT UP UP LEFT LEFT RIGHT RIGHT DOWN DOWN LEFT LEFT LEFT UP LEFT LEFT DOWN RIGHT RIGHT UP LEFT UP UP RIGHT DOWN RIGHT RIGHT RIGHT DOWN DOWN LEFT UP RIGHT UP LEFT LEFT LEFT UP LEFT DOWN,1000000,25.0,0
56,2026-08-24T10:38:25-03:00,levels/level_03.txt,greedy,minimum_matching_manhattan,7,success,,47,47,10,4344,1285,1291,0.116912667,4,5630,0.090513507,1.6077e-05,RIGHT DOWN RIGHT RIGHT RIGHT UP UP LEFT LEFT RIGHT RIGHT DOWN DOWN LEFT LEFT LEFT UP LEFT UP UP RIGHT DOWN LEFT DOWN LEFT DOWN RIGHT RIGHT LEFT UP UP RIGHT RIGHT RIGHT RIGHT DOWN DOWN LEFT UP RIGHT UP LEFT LEFT LEFT UP LEFT DOWN,1000000,25.0,0
57,2026-08-24T10:38:26-03:00,levels/level_03.txt,astar,shortest_push_access,7,success,,43,43,10,41018,844,4055,0.8140565,0,41941,0.502906414,1.1990806e-05,RIGHT DOWN RIGHT RIGHT RIGHT UP UP LEFT LEFT RIGHT RIGHT DOWN DOWN LEFT LEFT LEFT UP LEFT LEFT DOWN RIGHT RIGHT UP LEFT UP UP RIGHT DOWN RIGHT RIGHT RIGHT DOWN DOWN LEFT UP RIGHT UP LEFT LEFT LEFT UP LEFT DOWN,1000000,25.0,0
58,2026-08-24T10:38:27-03:00,levels/level_03.txt,astar,minimum_matching_manhattan,9,success,,43,43,10,43039,210,3515,1.048148334,4,43260,0.719010096,1.6620668e-05,RIGHT DOWN RIGHT RIGHT RIGHT UP UP LEFT LEFT RIGHT RIGHT DOWN DOWN LEFT LEFT LEFT UP LEFT LEFT DOWN RIGHT RIGHT UP LEFT UP UP RIGHT DOWN RIGHT RIGHT RIGHT DOWN DOWN LEFT UP RIGHT UP LEFT LEFT LEFT UP LEFT DOWN,1000000,25.0,0
59,2026-08-24T10:38:27-03:00,levels/level_03.txt,greedy,minimum_matching_manhattan,5,success,,47,47,10,4344,1285,1291,0.120027292,4,5630,0.093249024,1.6562882e-05,RIGHT DOWN RIGHT RIGHT RIGHT UP UP LEFT LEFT RIGHT RIGHT DOWN DOWN LEFT LEFT LEFT UP LEFT UP UP RIGHT DOWN LEFT DOWN LEFT DOWN RIGHT RIGHT LEFT UP UP RIGHT RIGHT RIGHT RIGHT DOWN DOWN LEFT UP RIGHT UP LEFT LEFT LEFT UP LEFT DOWN,1000000,25.0,0
60,2026-08-24T10:38:28-03:00,levels/level_03.txt,astar,shortest_push_access,5,success,,43,43,10,41018,844,4055,0.904032209,0,41941,0.577726487,1.3774743e-05,RIGHT DOWN RIGHT RIGHT RIGHT UP UP LEFT LEFT RIGHT RIGHT DOWN DOWN LEFT LEFT LEFT UP LEFT LEFT DOWN RIGHT RIGHT UP LEFT UP UP RIGHT DOWN RIGHT RIGHT RIGHT DOWN DOWN LEFT UP RIGHT UP LEFT LEFT LEFT UP LEFT DOWN,1000000,25.0,0
