variable,timestamp,amount_usd,quantity_purchased,session_duration_seconds,days_since_last_purchase,account_age_days,device_screen_resolution,time_since_last_login_s,items_viewed_before_purchase,big_model_fraud_probability
timestamp,1.0,-0.0097423154687758,0.009314228868867874,0.013263518789340338,0.0030956798477511063,0.004551592644886086,-0.006565102307030023,0.0018530487337350189,0.012933350623867693,-0.009418981455663894
amount_usd,-0.0097423154687758,1.0,0.35700697198087444,-0.31427084701147245,-0.1412340848187953,-0.26380294917479935,3.2240123050204496e-05,-0.0028846692518693672,0.3469582903898451,0.5598443416757238
quantity_purchased,0.009314228868867874,0.35700697198087444,0.9999999999999998,-0.34398576916436524,-0.1627385350146669,-0.30796741129596816,0.008092537413123237,0.007856257332643325,0.39088081801083707,0.5654873055536546
session_duration_seconds,0.01326351878934034,-0.31427084701147245,-0.3439857691643652,1.0,0.1381161169645588,0.2564646623546634,0.002177068083798275,0.0316933318102755,-0.34071989825088367,-0.5164189249804746
days_since_last_purchase,0.0030956798477511063,-0.1412340848187953,-0.1627385350146669,0.1381161169645588,1.0,0.11149329394862442,0.009847561788306954,-0.001565147510063471,-0.14561181094303652,-0.4010149644356505
account_age_days,0.004551592644886085,-0.2638029491747993,-0.30796741129596816,0.25646466235466336,0.11149329394862442,0.9999999999999998,-0.0006229429379922795,0.010099206979370723,-0.2796731551147338,-0.5789612906561437
device_screen_resolution,-0.006565102307030023,3.22401230502045e-05,0.008092537413123237,0.002177068083798275,0.009847561788306954,-0.0006229429379922796,1.0,-0.004025289004016945,0.013610627411547577,0.02164067919729974
time_since_last_login_s,0.0018530487337350186,-0.002884669251869367,0.007856257332643325,0.03169333181027549,-0.0015651475100634713,0.010099206979370723,-0.004025289004016945,1.0,-0.008747223470083686,0.0010275622656617102
items_viewed_before_purchase,0.012933350623867695,0.3469582903898451,0.3908808180108371,-0.3407198982508837,-0.14561181094303652,-0.2796731551147338,0.01361062741154758,-0.008747223470083684,0.9999999999999999,0.3348073413221214
big_model_fraud_probability,-0.009418981455663894,0.5598443416757238,0.5654873055536545,-0.5164189249804746,-0.40101496443565054,-0.5789612906561437,0.021640679197299742,0.0010275622656617102,0.33480734132212137,1.0
