variable,unit,count,missing_or_nan,infinite,finite_count,unique,min,p01,q1,median,q3,p99,max,mean,std,iqr,lower_fence,upper_fence,iqr_candidates,documented_type,analysis_dtype
timestamp,segundos Unix,7500,0,0,7500,7499,1700001808.0,1700345038.78,1707864974.25,1715682901.0,1723706506.0,1731199542.54,1731534222.0,1715783865.2932,9161851.167117812,15841531.75,1684102676.625,1747468803.625,0,integer,float64
amount_usd,USD,7500,0,0,7500,6020,1.0,1.0,25.925,63.489999999999995,127.2875,858.0467000000008,2000.0,109.07079333333333,157.73601033886953,101.3625,-126.11874999999999,279.33124999999995,560,float,float64
quantity_purchased,unidades,7500,0,0,7500,24,1.0,1.0,3.0,5.0,8.0,22.0,24.0,5.855466666666667,4.13952212808301,5.0,-4.5,15.5,331,integer,float64
session_duration_seconds,segundos,7500,0,0,7500,3919,5.0,10.0,186.7,287.0,376.325,571.8009999999999,726.8,280.18862666666666,135.94885232314624,189.625,-97.73750000000001,660.7625,5,float,float64
days_since_last_purchase,días,7500,0,0,7500,3130,0.0,0.08989999999999995,3.1675,8.59,19.35,67.12030000000001,142.32,13.703097333333334,14.925763913220418,16.1825,-21.10625,43.62375,361,float,float64
account_age_days,días,7500,0,0,7500,3129,1.0,19.0,639.0,1633.5,2640.0,3615.0,3649.0,1664.7996,1122.704413921955,2001.0,-2362.5,5641.5,0,integer,float64
device_screen_resolution,píxeles (ancho × alto),7500,0,0,7500,7209,1006733.0,1015588.82,1045387.25,2073158.0,3689207.75,8302524.03,8310940.0,3175686.4425333333,2681824.7370374775,2643820.5,-2920343.5,7654938.5,1444,integer,float64
time_since_last_login_s,segundos,7500,0,0,7500,7125,10.0,38.695,1051.225,2477.7,5004.15,15977.059000000001,40160.8,3589.362586666667,3565.0052171960297,3952.9249999999997,-4878.1625,10933.537499999999,355,float,float64
items_viewed_before_purchase,unidades,7500,0,0,7500,29,1.0,1.0,4.0,8.0,12.0,27.0,29.0,8.612933333333334,5.396509309626816,8.0,-8.0,24.0,166,integer,float64
big_model_fraud_probability,probabilidad,7500,0,0,7500,7356,0.000897,0.01364187,0.1587055,0.3573415,0.6632645,0.999996,1.0,0.4227853397333333,0.30245222390237975,0.504559,-0.598133,1.4201030000000001,0,float,float64
